-- phpMyAdmin SQL Dump
-- version 4.6.5.2
-- https://www.phpmyadmin.net/
--
-- Хост: 127.0.0.1
-- Время создания: Июн 23 2017 г., 10:04
-- Версия сервера: 10.1.21-MariaDB
-- Версия PHP: 7.1.1

SET SQL_MODE = "NO_AUTO_VALUE_ON_ZERO";
SET time_zone = "+00:00";


/*!40101 SET @OLD_CHARACTER_SET_CLIENT=@@CHARACTER_SET_CLIENT */;
/*!40101 SET @OLD_CHARACTER_SET_RESULTS=@@CHARACTER_SET_RESULTS */;
/*!40101 SET @OLD_COLLATION_CONNECTION=@@COLLATION_CONNECTION */;
/*!40101 SET NAMES utf8mb4 */;

--
-- База данных: `auth`
--

-- --------------------------------------------------------

--
-- Структура таблицы `articles`
--

CREATE TABLE `articles` (
  `id_articles` int(5) UNSIGNED NOT NULL,
  `id_character` int(10) UNSIGNED NOT NULL,
  `id_car_modification` int(10) UNSIGNED NOT NULL,
  `Serv` varchar(255) NOT NULL,
  `remont` varchar(255) NOT NULL,
  `Price` int(10) UNSIGNED DEFAULT NULL,
  `Клиент` varchar(255) NOT NULL,
  `Фильтр` varchar(255) NOT NULL,
  `Статус` int(100) UNSIGNED DEFAULT NULL,
  `Просмотры` int(100) UNSIGNED DEFAULT NULL
) ENGINE=InnoDB DEFAULT CHARSET=utf8;

--
-- Дамп данных таблицы `articles`
--

INSERT INTO `articles` (`id_articles`, `id_character`, `id_car_modification`, `Serv`, `remont`, `Price`, `Клиент`, `Фильтр`, `Статус`, `Просмотры`) VALUES
(1, 2, 5233, 'блок управления системой ABS  -заменить ', 'Автосервисы', 660, 'сто “миллениум”', 'ford|||focus|||2004-2011|||1.4|||abs и элементы|||блок управления системой ABS  -заменить |||киев|||соломенский', 1, 0),
(2, 2, 5234, 'датчик ABS задний СЛЕВА -заменить ', 'Автосервисы', 100, 'сто “миллениум”', 'ford|||focus|||2004-2011|||1.4|||abs и элементы|||датчик ABS задний СЛЕВА -заменить |||киев|||соломенский', 1, 0),
(3, 2, 5236, 'датчик ABS передний СЛЕВА -заменить ', 'Автосервисы', 130, 'сто “миллениум”', 'ford|||focus|||2004-2011|||1.4|||abs и элементы|||датчик ABS передний СЛЕВА -заменить |||киев|||соломенский', 1, 0),
(4, 2, 5293, 'датчик ABS задний СПРАВА -заменить ', 'Автосервисы', 100, 'сто “миллениум”', 'ford|||focus|||2004-2011|||1.4|||abs и элементы|||датчик ABS задний СПРАВА -заменить |||киев|||соломенский', 1, 0),
(5, 2, 5241, 'датчик ABS передний СПРАВА -заменить ', 'Автосервисы', 130, 'сто “миллениум”', 'ford|||focus|||2004-2011|||1.4|||abs и элементы|||датчик ABS передний СПРАВА -заменить |||киев|||соломенский', 1, 0),
(6, 1, 5240, 'аккумулятор  -зарядить ', 'Автосервисы', 40, 'сто “миллениум”', 'ford|||focus|||2004-2011|||1.4|||аккумулятор, генератор, стартер|||аккумулятор  -зарядить |||киев|||соломенский', 1, 0),
(7, 1, 5237, 'аккумулятор  -заменить ', 'Автосервисы', 130, 'сто “миллениум”', 'ford|||focus|||2004-2011|||1.4|||аккумулятор, генератор, стартер|||аккумулятор  -заменить |||киев|||соломенский', 1, 0),
(8, 3, 5244, 'амортизатор двери (крышки) багажника СЛЕВА -заменить ', 'Автосервисы', 70, 'сто “миллениум”', 'ford|||focus|||2004-2011|||1.4|||амортизаторы и их элементы|||амортизатор двери (крышки) багажника СЛЕВА -заменить |||киев|||соломенский', 1, 0),
(9, 3, 5289, 'амортизатор двери (крышки) багажника СПРАВА -заменить ', 'Автосервисы', 70, 'сто “миллениум”', 'ford|||focus|||2004-2011|||1.4|||амортизаторы и их элементы|||амортизатор двери (крышки) багажника СПРАВА -заменить |||киев|||соломенский', 1, 0),
(10, 3, 5290, 'амортизатор задний СЛЕВА -заменить ', 'Автосервисы', 160, 'сто “миллениум”', 'ford|||focus|||2004-2011|||1.4|||амортизаторы и их элементы|||амортизатор задний СЛЕВА -заменить |||киев|||соломенский', 1, 0),
(11, 3, 5291, 'амортизатор передний СЛЕВА -заменить ', 'Автосервисы', 440, 'сто “миллениум”', 'ford|||focus|||2004-2011|||1.4|||амортизаторы и их элементы|||амортизатор передний СЛЕВА -заменить |||киев|||соломенский', 1, 0),
(12, 3, 5302, 'амортизатор задний СПРАВА -заменить ', 'Автосервисы', 160, 'сто “миллениум”', 'ford|||focus|||2004-2011|||1.4|||амортизаторы и их элементы|||амортизатор задний СПРАВА -заменить |||киев|||соломенский', 1, 0),
(13, 3, 5294, 'амортизатор передний СПРАВА -заменить ', 'Автосервисы', 440, 'сто “миллениум”', 'ford|||focus|||2004-2011|||1.4|||амортизаторы и их элементы|||амортизатор передний СПРАВА -заменить |||киев|||соломенский', 1, 0),
(14, 3, 5290, 'бак топливный  -заменить ', 'Автосервисы', 470, 'сто “миллениум”', 'ford|||focus|||2004-2011|||1.4|||топливная система|||бак топливный  -заменить |||киев|||соломенский', 1, 0);

-- --------------------------------------------------------

--
-- Структура таблицы `car_marks`
--

CREATE TABLE `car_marks` (
  `id_car_mark` int(8) NOT NULL COMMENT 'ID',
  `name` varchar(255) NOT NULL COMMENT 'Название марки'
) ENGINE=MyISAM DEFAULT CHARSET=utf8 COMMENT='Марки автомобилей' ROW_FORMAT=DYNAMIC;

--
-- Дамп данных таблицы `car_marks`
--

INSERT INTO `car_marks` (`id_car_mark`, `name`) VALUES
(76, 'Honda'),
(80, 'Infiniti');

-- --------------------------------------------------------

--
-- Структура таблицы `car_models`
--

CREATE TABLE `car_models` (
  `id_car_model` int(11) NOT NULL COMMENT 'ID',
  `id_car_mark` int(11) NOT NULL COMMENT 'Марка автомобиля',
  `name` varchar(255) NOT NULL COMMENT 'Название модели'
) ENGINE=MyISAM DEFAULT CHARSET=utf8 COMMENT='Модели автомобилей' ROW_FORMAT=DYNAMIC;

--
-- Дамп данных таблицы `car_models`
--

INSERT INTO `car_models` (`id_car_model`, `id_car_mark`, `name`) VALUES
(753, 76, 'Accord'),
(754, 76, 'Airwave'),
(755, 76, 'Ascot'),
(756, 76, 'Avancier'),
(757, 76, 'Beat'),
(758, 76, 'Capa'),
(759, 76, 'City'),
(760, 76, 'Civic Ferio'),
(761, 76, 'Civic'),
(762, 76, 'Concerto'),
(763, 76, 'CR-V'),
(764, 76, 'CR-X'),
(765, 76, 'CR-Z'),
(766, 76, 'Crossroad'),
(767, 76, 'Crosstour'),
(768, 76, 'Domani'),
(769, 76, 'Edix'),
(770, 76, 'Element'),
(771, 76, 'Elysion'),
(772, 76, 'FCX Clarity'),
(773, 76, 'Fit Aria'),
(774, 76, 'Fit'),
(775, 76, 'FR-V'),
(776, 76, 'Freed'),
(777, 76, 'HR-V'),
(778, 76, 'Insight'),
(779, 76, 'Inspire'),
(780, 76, 'Integra'),
(781, 76, 'Integra SJ'),
(782, 76, 'Jazz'),
(783, 76, 'Legend'),
(784, 76, 'Life'),
(785, 76, 'Logo'),
(786, 76, 'MDX'),
(787, 76, 'Mobilio'),
(788, 76, 'NSX'),
(789, 76, 'Odyssey (North America)'),
(790, 76, 'Odyssey'),
(791, 76, 'Orthia'),
(792, 76, 'Partner'),
(793, 76, 'Passport'),
(794, 76, 'Pilot'),
(795, 76, 'Prelude'),
(796, 76, 'Quint'),
(797, 76, 'Rafaga'),
(798, 76, 'Ridgeline'),
(799, 76, 'S-MX'),
(800, 76, 'S2000'),
(801, 76, 'Saber'),
(802, 76, 'Shuttle'),
(803, 76, 'Stepwgn'),
(804, 76, 'Stream'),
(805, 76, 'That\'S'),
(806, 76, 'Today'),
(807, 76, 'Torneo'),
(808, 76, 'Vamos'),
(809, 76, 'Vigor'),
(810, 76, 'Z'),
(811, 76, 'Zest'),
(861, 80, 'EX'),
(862, 80, 'FX'),
(863, 80, 'G'),
(864, 80, 'I'),
(865, 80, 'J'),
(866, 80, 'JX'),
(867, 80, 'M'),
(868, 80, 'Q'),
(869, 80, 'Q50'),
(870, 80, 'Q60'),
(871, 80, 'QX'),
(872, 80, 'QX50'),
(873, 80, 'QX60'),
(874, 80, 'QX70'),
(875, 80, 'QX80'),
(2112, 80, 'Q70'),
(2224, 76, 'Vezel'),
(2249, 80, 'Q40');

-- --------------------------------------------------------

--
-- Структура таблицы `car_modifications`
--

CREATE TABLE `car_modifications` (
  `id_car_modification` int(11) NOT NULL COMMENT 'ID',
  `id_car_serie` int(11) NOT NULL COMMENT 'Серия автомобиля',
  `id_car_model` int(11) NOT NULL COMMENT 'Модель автомобиля',
  `name` varchar(255) NOT NULL COMMENT 'Название модификции',
  `start_production_year` int(8) DEFAULT NULL COMMENT 'Год начала производства',
  `end_production_year` int(8) DEFAULT NULL COMMENT 'Год конца производства'
) ENGINE=MyISAM DEFAULT CHARSET=utf8 COMMENT='Модификации автомобилей' ROW_FORMAT=DYNAMIC;

--
-- Дамп данных таблицы `car_modifications`
--

INSERT INTO `car_modifications` (`id_car_modification`, `id_car_serie`, `id_car_model`, `name`, `start_production_year`, `end_production_year`) VALUES
(5233, 1034, 754, '1.5 CVT (110 л.с.)', 2005, 2010),
(5234, 1034, 754, '1.5 CVT (110 л.с.) 4WD', 2004, 2010),
(5235, 1035, 755, '2.0 AT (135 л.с.)', 1992, 1996),
(5236, 1035, 755, '2.0 AT (150 л.с.)', 1992, 1996),
(5237, 1035, 755, '2.0 MT (135 л.с.)', 1992, 1996),
(5238, 1035, 755, '2.0 MT (150 л.с.)', 1992, 1996),
(5239, 1035, 755, '2.3 AT (165 л.с.)', 1992, 1996),
(5240, 1035, 755, '2.3 MT (165 л.с.)', 1992, 1996),
(5241, 1036, 756, '2.3 AT (150 л.с.)', 1999, 2003),
(5242, 1036, 756, '2.3 AT (150 л.с.) 4WD', 1999, 2003),
(5243, 1036, 756, '3.0 AT (215 л.с.)', 1999, 2003),
(5244, 1036, 756, '3.0 AT (215 л.с.) 4WD', 1999, 2003),
(5289, 1046, 765, 'Hybrid 1.5hyb CVT (112 л.с.)', 2010, NULL),
(5290, 1046, 765, 'Hybrid 1.5hyb MT (112 л.с.)', 2010, NULL),
(5291, 1047, 766, '1.8 AT (140 л.с.)', 2007, 2010),
(5292, 1047, 766, '1.8 AT (140 л.с.) 4WD', 2007, 2010),
(5293, 1047, 766, '2.0 AT (150 л.с.)', 2007, 2010),
(5294, 1047, 766, '2.0 AT (150 л.с.) 4WD', 2007, 2010),
(5302, 1050, 769, '1.7 AT (130 л.с.)', 2004, 2009),
(5303, 1050, 769, '1.7 AT (130 л.с.) 4WD', 2004, 2009),
(5304, 1050, 769, '2.0 AT (156 л.с.)', 2004, 2009),
(5305, 1050, 769, '2.0 AT (156 л.с.) 4WD', 2004, 2009),
(5310, 1052, 771, '2.4 AT (160 л.с.)', 2004, 2013),
(5311, 1052, 771, '2.4 AT (160 л.с.) 4WD', 2004, 2013),
(5312, 1052, 771, '3.0 AT (200 л.с.)', 2004, 2013),
(5313, 1052, 771, '3.0 AT (200 л.с.) 4WD', 2004, 2013),
(5314, 1052, 771, '3.5 AT (205 л.с.)', 2004, 2013),
(5315, 1052, 771, '3.5 AT (205 л.с.) 4WD', 2004, 2013),
(5316, 1053, 772, 'Electro AT (101 кВт)', 2008, NULL),
(5317, 1054, 773, '1.3 CVT (86 л.с.)', 2002, 2008),
(5318, 1054, 773, '1.3 CVT (86 л.с.) 4WD', 2002, 2008),
(5319, 1054, 773, '1.5 CVT (110 л.с.)', 2005, 2008),
(5320, 1054, 773, '1.5 CVT (110 л.с.) 4WD', 2005, 2008),
(5321, 1054, 773, '1.5 CVT (90 л.с.)', 2002, 2008),
(5322, 1054, 773, '1.5 CVT (90 л.с.) 4WD', 2002, 2008),
(5335, 1056, 775, '1.7 AT (125 л.с.)', 2005, 2009),
(5336, 1056, 775, '1.7 MT (125 л.с.)', 2005, 2009),
(5337, 1056, 775, '2.0 AT (155 л.с.)', 2005, 2009),
(5338, 1056, 775, '2.0 MT (155 л.с.)', 2005, 2009),
(5339, 1056, 775, '2.2d MT (140 л.с.)', 2005, 2009),
(5340, 1057, 776, '1.5 AT (118 л.с.) 4WD', 2008, NULL),
(5341, 1057, 776, '1.5 CVT (118 л.с.)', 2008, NULL),
(5342, 1057, 776, '1.5 CVT (118 л.с.) 4WD', 2010, 2011),
(5343, 1057, 776, '1.5hyb CVT (88 л.с.)', 2011, NULL),
(5368, 1063, 781, '1.5 AT (105 л.с.)', 1996, 2001),
(5369, 1063, 781, '1.5 CVT (105 л.с.)', 1996, 2001),
(5370, 1063, 781, '1.5 CVT (130 л.с.)', 1996, 2001),
(5371, 1063, 781, '1.5 MT (105 л.с.)', 1996, 2001),
(5372, 1063, 781, '1.5 MT (130 л.с.)', 1996, 2001),
(5390, 1069, 786, '3.5 AT (240 л.с.) 4WD', 2003, 2006),
(5391, 1070, 787, '1.5 CVT (110 л.с.)', 2001, 2008),
(5392, 1070, 787, '1.5 CVT (90 л.с.)', 2001, 2008),
(5393, 1070, 787, '1.5 CVT (90 л.с.) 4WD', 2001, 2008),
(5394, 1070, 787, '1.5 MT (90 л.с.)', 2001, 2008),
(5395, 1070, 787, '1.5 MT (90 л.с.) 4WD', 2001, 2008),
(5396, 1071, 788, '3.0 AT (265 л.с.)', 1990, 2005),
(5397, 1071, 788, '3.0 MT (280 л.с.)', 1990, 1997),
(5403, 1074, 791, '1.8 AT (140 л.с.)', 1996, 2002),
(5404, 1074, 791, '1.8 MT (140 л.с.)', 1996, 2002),
(5405, 1074, 791, '2.0 AT (150 л.с.)', 1996, 2002),
(5406, 1074, 791, '2.0 AT (150 л.с.) 4WD', 1996, 2002),
(5407, 1074, 791, '2.0 MT (150 л.с.)', 1996, 2002),
(5408, 1074, 791, '2.0 MT (150 л.с.) 4WD', 1996, 2002),
(5425, 1079, 796, '1.6 AT (80 л.с.)', 1980, 1984),
(5426, 1079, 796, '1.6 MT (80 л.с.)', 1980, 1984),
(5427, 1080, 797, '2.0 AT (160 л.с.)', 1993, 1997),
(5428, 1080, 797, '2.0 MT (160 л.с.)', 1993, 1997),
(5429, 1080, 797, '2.5 AT (180 л.с.)', 1993, 1997),
(5430, 1080, 797, '2.5 MT (180 л.с.)', 1993, 1997),
(5431, 1081, 798, '3.5 AT (247 л.с.) 4WD', 2005, 2008),
(5432, 1081, 798, '3.5 AT (250 л.с.) 4WD', 2008, NULL),
(5433, 1082, 799, '2.0 AT (131 л.с.)', 1996, 2002),
(5434, 1082, 799, '2.0 AT (131 л.с.) 4WD', 1996, 2002),
(5435, 1082, 799, '2.0 AT (140 л.с.)', 1996, 2002),
(5436, 1082, 799, '2.0 AT (140 л.с.) 4WD', 1996, 2002),
(5437, 1083, 800, '2.0 MT (240 л.с.)', 1999, 2009),
(5438, 1083, 800, '2.0 MT (250 л.с.)', 1999, 2009),
(5439, 1083, 800, '2.2 MT (239 л.с.)', 2003, 2009),
(5440, 1083, 800, '2.2 MT (242 л.с.)', 2005, 2009),
(5443, 1085, 802, '2.2 AT (150 л.с.)', 1994, 1999),
(5444, 1085, 802, '2.2 AT (150 л.с.) 4WD', 1994, 1999),
(5445, 1085, 802, '2.3 AT (150 л.с.)', 1994, 1999),
(5446, 1085, 802, '2.3 AT (150 л.с.) 4WD', 1994, 1999),
(5453, 1088, 805, '0.7 AT (52 л.с.)', 2002, 2006),
(5454, 1088, 805, '0.7 AT (64 л.с.) 4WD', 2002, 2006),
(5455, 1089, 806, '0.7 AT (48 л.с.)', 1988, 1996),
(5456, 1089, 806, '0.7 AT (58 л.с.)', 1988, 1996),
(5457, 1089, 806, '0.7 MT (48 л.с.)', 1988, 1996),
(5458, 1089, 806, '0.7 MT (58 л.с.)', 1988, 1996),
(5459, 1090, 807, '1.9 AT (140 л.с.)', 1997, 2002),
(5460, 1090, 807, '2.0 AT (150 л.с.)', 1997, 2002),
(5461, 1090, 807, '2.0 AT (180 л.с.)', 1997, 2002),
(5462, 1090, 807, '2.0 MT (150 л.с.)', 1997, 2002),
(5463, 1090, 807, '2.0 MT (200 л.с.)', 1997, 2000),
(5474, 1094, 811, '0.7 AT (52 л.с.)', 2006, 2012),
(5475, 1094, 811, '0.7 AT (52 л.с.) 4WD', 2006, 2012),
(5476, 1094, 811, '0.7 AT (64 л.с.)', 2006, 2012),
(5477, 1094, 811, '0.7 AT (64 л.с.) 4WD', 2006, 2012),
(5839, 1159, 861, 'EX35 3.5 AT (295 л.с.) 4WD', 2007, 2009),
(5840, 1159, 861, 'EX35 3.5 AT (295 л.с.)', 2007, 2009),
(5841, 1159, 861, 'EX35 3.5 AT (302 л.с.) 4WD', 2009, 2011),
(5842, 1159, 861, 'EX35 3.5 AT (302 л.с.) 4WD', 2011, 2013),
(63184, 6500, 867, 'M35 3.5 AT (280 л.с.)', 2005, 2008),
(5860, 1165, 865, 'J30 3.0 AT (200 л.с.)', 1992, 1997),
(5861, 1165, 865, 'J30 3.0 AT (213 л.с.)', 1992, 1997),
(5862, 1166, 866, 'JX35 3.5 CVT (265 л.с.) 4WD', 2012, 2013),
(5863, 1166, 866, 'JX35 3.5 CVT (265 л.с.)', 2012, 2013),
(5867, 1169, 869, '2.0 AT (211 л.с.)', 2014, NULL),
(5868, 1169, 869, '2.1d AT (170 л.с.)', 2013, NULL),
(5869, 1169, 869, '2.1d MT (170 л.с.)', 2013, NULL),
(5870, 1169, 869, '3.5hyb AT (354 л.с.)', 2013, NULL),
(5871, 1169, 869, '3.5hyb AT (354 л.с.) 4WD', 2013, NULL),
(5872, 1169, 869, '3.7 AT (328 л.с.)', 2013, NULL),
(5873, 1169, 869, '3.7 AT (328 л.с.) 4WD', 2013, NULL),
(5878, 1172, 872, '2.5 AT (222 л.с.) 4WD', 2013, NULL),
(5879, 1172, 872, '3.7 AT (330 л.с.) 4WD', 2013, NULL),
(5880, 1173, 873, '2.5hyb CVT (230 л.с.) 4WD', 2013, NULL),
(5881, 1173, 873, '3.5 CVT (265 л.с.)', 2013, NULL),
(5882, 1173, 873, '3.5 CVT (265 л.с.) 4WD', 2013, NULL),
(5883, 1174, 874, '3.0d AT (238 л.с.) 4WD', 2013, NULL),
(5884, 1174, 874, '3.7 AT (333 л.с.) 4WD', 2013, NULL),
(5885, 1174, 874, '5.0 AT (400 л.с.) 4WD', 2013, NULL),
(5886, 1174, 874, 'Vettel Edition 5.0 AT (420 л.с.) 4WD', 2013, NULL),
(62530, 14678, 774, '1.3 CVT (100 л.с.)', 2013, NULL),
(62531, 14678, 774, '1.3 CVT (100 л.с.) 4WD', 2013, NULL),
(62532, 14678, 774, '1.3 MT (100 л.с.)', 2013, NULL),
(62533, 14678, 774, '1.5 CVT (130 л.с.)', 2013, NULL),
(62534, 14678, 774, '1.5 CVT (130 л.с.) 4WD', 2013, NULL),
(62535, 14678, 774, '1.5 MT (130 л.с.)', 2013, NULL),
(62536, 14678, 774, '1.5hyb AT (110 л.с.)', 2013, NULL),
(62537, 14678, 774, '1.5hyb AT (110 л.с.) 4WD', 2013, NULL),
(43290, 8600, 758, '1.5 CVT (98 л.с.)', 1998, 2002),
(63209, 8652, 862, 'FX45 4.5 AT (319 л.с.) 4WD', 2003, 2006),
(63203, 8616, 790, '3.0 AT (210 л.с.) 4WD', 1999, 2004),
(61703, 10774, 2224, '1.5hyb AT (132 л.с.)', 2013, NULL),
(61702, 10774, 2224, '1.5 CVT (130 л.с.) 4WD', 2013, NULL),
(61701, 10774, 2224, '1.5 CVT (130 л.с.)', 2013, NULL),
(17958, 3418, 753, '2.4 AT (180 л.с.)', 2012, NULL),
(17959, 3418, 753, '2.4 CVT (185 л.с.)', 2012, NULL),
(17960, 3418, 753, '2.4 MT (180 л.с.)', 2012, NULL),
(17961, 3418, 753, '2.4 MT (185 л.с.)', 2012, NULL),
(17962, 3418, 753, '3.5 AT (281 л.с.)', 2012, NULL),
(17963, 3419, 753, '2.4 CVT (185 л.с.)', 2012, NULL),
(17964, 3419, 753, '2.4 MT (185 л.с.)', 2012, NULL),
(17965, 3419, 753, '3.5 AT (281 л.с.)', 2012, NULL),
(17966, 3419, 753, '3.5 MT (281 л.с.)', 2012, NULL),
(17967, 3420, 759, '1.3 CVT (94 л.с.)', 2008, NULL),
(17968, 3420, 759, '1.3 MT (94 л.с.)', 2008, NULL),
(17969, 3420, 759, '1.5 MT (118 л.с.)', 2008, NULL),
(17970, 3421, 760, '1.5 AT (105 л.с.)', 2000, 2005),
(17971, 3421, 760, '1.5 AT (105 л.с.) 4WD', 2000, 2005),
(17972, 3421, 760, '1.5 AT (115 л.с.) 4WD', 2000, 2005),
(17973, 3421, 760, '1.5 CVT (105 л.с.)', 2000, 2003),
(17974, 3421, 760, '1.5 MT (105 л.с.)', 2000, 2005),
(17975, 3421, 760, '1.5 MT (105 л.с.) 4WD', 2000, 2005),
(17976, 3421, 760, '1.5 MT (115 л.с.) 4WD', 2000, 2005),
(17977, 3421, 760, '1.7 AT (130 л.с.)', 2000, 2005),
(17978, 3421, 760, '1.7 AT (130 л.с.) 4WD', 2000, 2005),
(17979, 3421, 760, '1.7 MT (130 л.с.)', 2000, 2005),
(17980, 3421, 760, '1.7 MT (130 л.с.) 4WD', 2000, 2005),
(17981, 3422, 761, '1.8 AT (142 л.с.)', 2013, NULL),
(17982, 3422, 761, '1.8 MT (142 л.с.)', 2013, NULL),
(17983, 3422, 761, 'Si 2.4 MT (201 л.с.)', 2013, NULL),
(17984, 3423, 762, '1.5 AT (90 л.с.)', 1989, 1995),
(17985, 3423, 762, '1.5 MT (90 л.с.)', 1989, 1995),
(17986, 3423, 762, '1.6 AT (112 л.с.)', 1989, 1995),
(17987, 3423, 762, '1.6 AT (122 л.с.)', 1989, 1995),
(17988, 3423, 762, '1.6 MT (112 л.с.)', 1989, 1995),
(17989, 3423, 762, '1.6 MT (122 л.с.)', 1989, 1995),
(17990, 3424, 762, '1.5 AT (90 л.с.)', 1988, 1995),
(17991, 3424, 762, '1.5 MT (90 л.с.)', 1988, 1995),
(17992, 3424, 762, '1.6 AT (112 л.с.)', 1989, 1995),
(17993, 3424, 762, '1.6 AT (122 л.с.)', 1989, 1995),
(17994, 3424, 762, '1.6 MT (112 л.с.)', 1989, 1995),
(17995, 3424, 762, '1.6 MT (122 л.с.)', 1989, 1995),
(17996, 3425, 763, '2.0 AT (150 л.с.)', 2012, NULL),
(17997, 3425, 763, '2.0 AT (150 л.с.) 4WD', 2012, NULL),
(17998, 3425, 763, '2.0 MT (150 л.с.)', 2012, NULL),
(17999, 3425, 763, '2.0 MT (150 л.с.) 4WD', 2012, NULL),
(18000, 3425, 763, '2.2d AT (150 л.с.)', 2012, NULL),
(18001, 3425, 763, '2.2d AT (150 л.с.) 4WD', 2012, NULL),
(18002, 3425, 763, '2.2d MT (150 л.с.)', 2012, NULL),
(18003, 3425, 763, '2.2d MT (150 л.с.) 4WD', 2012, NULL),
(18004, 3425, 763, '2.4 AT (190 л.с.)', 2012, NULL),
(18005, 3425, 763, '2.4 AT (190 л.с.) 4WD', 2012, NULL),
(18006, 3426, 764, '1.6 AT (125 л.с.)', 1992, 1997),
(18007, 3426, 764, '1.6 MT (125 л.с.)', 1992, 1997),
(18008, 3426, 764, '1.6 MT (160 л.с.)', 1992, 1997),
(18009, 3427, 767, '2.4 AT (194 л.с.)', 2013, NULL),
(18010, 3427, 767, '3.5 AT (281 л.с.)', 2013, NULL),
(18011, 3427, 767, '3.5 AT (281 л.с.) 4WD', 2013, NULL),
(18012, 3428, 768, '1.5 AT (105 л.с.)', 1997, 2000),
(18013, 3428, 768, '1.5 MT (105 л.с.)', 1997, 2000),
(18014, 3428, 768, '1.6 AT (120 л.с.)', 1997, 2000),
(18015, 3428, 768, '1.6 MT (120 л.с.)', 1997, 2000),
(18016, 3429, 770, '2.4 AT (166 л.с.)', 2008, 2011),
(18017, 3429, 770, '2.4 AT (166 л.с.) 4WD', 2008, 2011),
(18018, 3429, 770, '2.4 MT (166 л.с.)', 2008, 2011),
(18019, 3429, 770, '2.4 MT (166 л.с.) 4WD', 2008, 2011),
(18020, 3430, 774, '1.3 AT (100 л.с.) 4WD', 2007, 2014),
(18021, 3430, 774, '1.3 CVT (100 л.с.)', 2007, 2014),
(18022, 3430, 774, '1.3 CVT (99 л.с.)', 2010, 2014),
(18023, 3430, 774, '1.3 MT (100 л.с.)', 2007, 2014),
(18024, 3430, 774, '1.3hyb CVT (88 л.с.)', 2011, 2014),
(18025, 3430, 774, 'Hybrid 1.3hyb CVT (88 л.с.)', 2010, 2014),
(18026, 3430, 774, '1.5 AT (120 л.с.)', 2011, 2014),
(18027, 3430, 774, '1.5 AT (120 л.с.) 4WD', 2007, 2014),
(18028, 3430, 774, '1.5 CVT (120 л.с.)', 2011, 2014),
(18029, 3430, 774, '1.5 CVT (120 л.с.) 4WD', 2009, 2010),
(18030, 3430, 774, '1.5 MT (120 л.с.)', 2007, 2014),
(18031, 3430, 774, '1.5 MT (120 л.с.) 4WD', 2007, 2014),
(18032, 3431, 777, '1.6 CVT (105 л.с.)', 1999, 2006),
(18033, 3431, 777, '1.6 CVT (105 л.с.) 4WD', 1999, 2006),
(18034, 3431, 777, '1.6 CVT (124 л.с.)', 1999, 2006),
(18035, 3431, 777, '1.6 CVT (124 л.с.) 4WD', 1999, 2006),
(18036, 3431, 777, '1.6 MT (105 л.с.)', 1999, 2006),
(18037, 3431, 777, '1.6 MT (105 л.с.) 4WD', 1999, 2006),
(18038, 3431, 777, '1.6 MT (124 л.с.)', 1999, 2006),
(18039, 3431, 777, '1.6 MT (124 л.с.) 4WD', 1999, 2006),
(18040, 3432, 777, '1.6 CVT (105 л.с.)', 1998, 2006),
(18041, 3432, 777, '1.6 CVT (105 л.с.) 4WD', 1998, 2006),
(18042, 3432, 777, '1.6 CVT (124 л.с.)', 1998, 2006),
(18043, 3432, 777, '1.6 CVT (124 л.с.) 4WD', 1998, 2006),
(18044, 3432, 777, '1.6 MT (105 л.с.)', 1998, 2006),
(18045, 3432, 777, '1.6 MT (105 л.с.) 4WD', 1998, 2006),
(18046, 3432, 777, '1.6 MT (124 л.с.)', 1998, 2006),
(18047, 3432, 777, '1.6 MT (124 л.с.) 4WD', 1998, 2006),
(18048, 3433, 778, '1.3hyb CVT (98 л.с.)', 2009, NULL),
(18049, 3433, 778, '1.5hyb CVT (112 л.с.)', 2011, NULL),
(18050, 3434, 779, '3.5 AT (280 л.с.)', 2007, 2012),
(18051, 3435, 780, '2.0 AT (160 л.с.)', 2001, 2006),
(18052, 3435, 780, '2.0 AT (200 л.с.)', 2004, 2006),
(18053, 3435, 780, '2.0 MT (160 л.с.)', 2001, 2006),
(18054, 3435, 780, '2.0 MT (200 л.с.)', 2004, 2006),
(18055, 3435, 780, 'Type R 2.0 MT (220 л.с.)', 2001, 2006),
(18056, 3436, 782, '1.2 MT (90 л.с.)', 2008, NULL),
(18057, 3436, 782, '1.3 AT (100 л.с.)', 2008, 2010),
(18058, 3436, 782, '1.3 CVT (100 л.с.)', 2010, NULL),
(18059, 3436, 782, '1.3 MT (100 л.с.)', 2008, NULL),
(18060, 3436, 782, '1.3hyb CVT (88 л.с.)', 2010, NULL),
(18061, 3437, 783, '3.5 AT (295 л.с.) 4WD', 2004, 2008),
(18062, 3437, 783, '3.7 AT (295 л.с.) 4WD', 2004, 2008),
(18063, 3438, 784, '0.7 AT (50 л.с.)', 2008, NULL),
(18064, 3438, 784, '0.7 AT (50 л.с.) 4WD', 2008, NULL),
(18065, 3438, 784, '0.7 AT (64 л.с.)', 2008, NULL),
(18066, 3438, 784, '0.7 AT (64 л.с.) 4WD', 2008, NULL),
(18067, 3439, 785, '1.3 AT (65 л.с.)', 1996, 2001),
(18068, 3439, 785, '1.3 CVT (65 л.с.) 4WD', 1996, 2001),
(18069, 3439, 785, '1.3 MT (65 л.с.)', 1996, 2001),
(18070, 3440, 785, '1.3 AT (65 л.с.)', 1996, 2001),
(18071, 3440, 785, '1.3 CVT (65 л.с.) 4WD', 1996, 2001),
(18072, 3440, 785, '1.3 MT (65 л.с.)', 1996, 2001),
(18073, 3441, 789, '3.5 AT (248 л.с.)', 2010, NULL),
(18074, 3442, 790, '2.4 AT (173 л.с.) 4WD', 2008, NULL),
(18075, 3442, 790, '2.4 AT (201 л.с.)', 2008, NULL),
(18076, 3442, 790, '2.4 AT (201 л.с.) 4WD', 2008, NULL),
(18077, 3442, 790, '2.4 CVT (173 л.с.)', 2008, NULL),
(18078, 3443, 792, '1.5 AT (90 л.с.)', 2005, 2010),
(18079, 3443, 792, '1.5 AT (90 л.с.) 4WD', 2005, 2010),
(18080, 3444, 793, '3.2 AT (205 л.с.)', 1998, 2002),
(18081, 3444, 793, '3.2 AT (205 л.с.) 4WD', 1998, 2002),
(18082, 3444, 793, '3.2 MT (205 л.с.)', 1998, 2002),
(18083, 3444, 793, '3.2 MT (205 л.с.) 4WD', 1998, 2002),
(18084, 3445, 794, '3.5 AT (249 л.с.)', 2011, NULL),
(18085, 3445, 794, '3.5 AT (249 л.с.) 4WD', 2011, NULL),
(18086, 3445, 794, '3.5 AT (257 л.с.)', 2008, 2011),
(18087, 3445, 794, '3.5 AT (257 л.с.) 4WD', 2008, 2011),
(18088, 3446, 795, '2.0 AT (133 л.с.)', 1996, 2001),
(18089, 3446, 795, '2.0 MT (133 л.с.)', 1996, 2001),
(18090, 3446, 795, '2.2 AT (185 л.с.)', 1996, 2001),
(18091, 3446, 795, '2.2 AT (200 л.с.)', 1998, 2001),
(18092, 3446, 795, '2.2 MT (185 л.с.)', 1996, 2001),
(18093, 3446, 795, '2.2 MT (200 л.с.)', 1998, 2001),
(18094, 3447, 801, '2.5 AT (200 л.с.)', 1995, 2003),
(18095, 3447, 801, '3.2 AT (225 л.с.)', 1995, 2003),
(18096, 3448, 803, '2.0 AT (150 л.с.) 4WD', 2009, NULL),
(18097, 3448, 803, '2.0 CVT (150 л.с.)', 2009, NULL),
(18098, 3449, 804, '1.8 AT (140 л.с.)', 2006, NULL),
(18099, 3449, 804, '1.8 AT (140 л.с.) 4WD', 2006, NULL),
(18100, 3449, 804, '2.0 AT (150 л.с.) 4WD', 2006, NULL),
(18101, 3449, 804, '2.0 CVT (150 л.с.)', 2006, NULL),
(18336, 3490, 862, 'FX30d 3.0d AT (238 л.с.) 4WD', 2012, 2013),
(18337, 3490, 862, 'FX37 3.7 AT (333 л.с.) 4WD', 2012, 2013),
(18338, 3490, 862, 'FX50 5.0 AT (400 л.с.) 4WD', 2012, 2013),
(18339, 3490, 862, 'FX Vettel Edition 5.0 AT (420 л.с.) 4WD', 2012, 2013),
(18340, 3491, 863, 'G37 3.7 AT (333 л.с.)', 2009, 2013),
(18341, 3491, 863, 'G37 3.7 MT (333 л.с.)', 2009, 2013),
(18342, 3492, 863, 'G37 3.7 AT (333 л.с.)', 2007, 2013),
(18343, 3492, 863, 'G37 3.7 MT (333 л.с.)', 2007, 2013),
(18344, 3493, 863, 'G35 3.5 AT (309 л.с.) 4WD', 2006, 2009),
(18345, 3493, 863, 'G35 3.5 AT (309 л.с.)', 2006, 2009),
(18346, 3493, 863, 'G35 3.5 AT (315 л.с.) 4WD', 2006, 2009),
(18347, 3493, 863, 'G35 3.5 MT (309 л.с.)', 2006, 2009),
(18348, 3493, 863, 'G37 3.7 AT (333 л.с.) 4WD', 2009, 2013),
(18349, 3493, 863, 'G37 3.7 AT (333 л.с.)', 2009, 2013),
(18350, 3493, 863, 'G37 3.7 MT (333 л.с.)', 2009, 2013),
(18351, 3494, 864, 'I30 3.0 AT (230 л.с.)', 2000, 2002),
(18352, 3494, 864, 'I30 3.0 MT (230 л.с.)', 2000, 2002),
(18353, 3495, 867, 'M25 2.5 AT (222 л.с.)', 2010, 2014),
(18354, 3495, 867, 'M30d 3.0d AT (238 л.с.)', 2010, 2014),
(18355, 3496, 868, 'Q45 4.5 AT (340 л.с.)', 2001, 2004),
(18356, 3497, 871, 'QX56 5.6 AT (405 л.с.) 4WD', 2010, 2013),
(63180, 6300, 753, '2.0 AT (155 л.с.)', 2002, 2008),
(62807, 6330, 761, '1.5hyb CVT (90 л.с.)', 2012, 2013),
(62247, 14632, 870, 'S 3.7 MT (333 л.с.)', 2013, NULL),
(62245, 14631, 870, 'S 3.7 MT (333 л.с.)', 2013, NULL),
(62243, 14631, 870, '3.7 AT (333 л.с.)', 2013, NULL),
(32372, 6297, 753, '2.2d AT (150 л.с.)', 2008, 2012),
(32373, 6297, 753, '2.2d MT (150 л.с.)', 2008, 2012),
(32374, 6297, 753, '2.4 AT (201 л.с.)', 2008, 2012),
(32378, 6298, 753, '2.2d AT (150 л.с.)', 2008, 2012),
(32381, 6298, 753, '2.4 AT (200 л.с.)', 2010, 2012),
(32384, 6298, 753, '2.4 MT (200 л.с.)', 2010, 2012),
(32386, 6298, 753, '3.5 AT (268 л.с.)', 2007, 2012),
(32390, 6300, 753, '2.0 AT (152 л.с.) 4WD', 2002, 2008),
(32393, 6300, 753, '2.0 MT (155 л.с.) Sport', 2002, 2008),
(32396, 6300, 753, '2.4 AT (190 л.с.)', 2002, 2008),
(32399, 6301, 753, '2.4 AT (160 л.с.)', 2002, 2008),
(32400, 6301, 753, '2.4 MT (160 л.с.)', 2002, 2008),
(32403, 6304, 753, '1.6 MT (116 л.с.)', 1998, 2002),
(32404, 6304, 753, '1.9 AT (136 л.с.)', 1998, 2002),
(32408, 6304, 753, '2.0d MT (105 л.с.)', 1998, 2002),
(32409, 6304, 753, '2.3 AT (154 л.с.)', 2001, 2002),
(32411, 6302, 753, '2.0 AT (155 л.с.)', 2003, 2008),
(32412, 6302, 753, '2.0 MT (155 л.с.)', 2003, 2008),
(32415, 6302, 753, '2.4 AT (190 л.с.)', 2003, 2008),
(32416, 6302, 753, '2.4 MT (190 л.с.)', 2003, 2008),
(32417, 6303, 753, '2.0 AT (147 л.с.)', 1998, 2002),
(32418, 6303, 753, '2.0 MT (147 л.с.)', 1998, 2002),
(32421, 6307, 753, '1.9 MT (115 л.с.)', 1996, 1998),
(32422, 6307, 753, '2.0 AT (115 л.с.)', 1993, 1996),
(32425, 6307, 753, '2.0 MT (131 л.с.)', 1993, 1996),
(32426, 6307, 753, '2.0d MT (105 л.с.)', 1996, 1998),
(32427, 6307, 753, '2.2 AT (150 л.с.)', 1996, 1998),
(32430, 6307, 753, '2.3 MT (158 л.с.)', 1993, 1996),
(32431, 6308, 753, '2.2 AT (150 л.с.)', 1993, 1998),
(32434, 6309, 753, '2.0 MT (136 л.с.)', 1993, 1998),
(32436, 6309, 753, '2.2 MT (150 л.с.)', 1993, 1998),
(32439, 6299, 753, '3.5 AT (268 л.с.)', 2007, 2012),
(32442, 6305, 753, '2.3 AT (160 л.с.)', 1998, 2002),
(32445, 6311, 753, '2.2 MT (150 л.с.)', 1990, 1993),
(32448, 6315, 753, '1.6 AT (80 л.с.)', 1981, 1983),
(32449, 6315, 753, '1.6 AT (88 л.с.)', 1983, 1985),
(32450, 6315, 753, '1.6 MT (80 л.с.)', 1981, 1983),
(32451, 6315, 753, '1.6 MT (88 л.с.)', 1983, 1985),
(32459, 6313, 753, '1.6 MT (88 л.с.)', 1985, 1989),
(32462, 6313, 753, '2.0 AT (106 л.с.)', 1985, 1989),
(32463, 6313, 753, '2.0 AT (116 л.с.)', 1987, 1989),
(32464, 6313, 753, '2.0 AT (122 л.с.)', 1985, 1987),
(32465, 6313, 753, '2.0 AT (133 л.с.)', 1987, 1989),
(32466, 6313, 753, '2.0 AT (137 л.с.)', 1987, 1987),
(32467, 6313, 753, '2.0 MT (102 л.с.)', 1985, 1989),
(32468, 6313, 753, '2.0 MT (103 л.с.)', 1985, 1989),
(32469, 6313, 753, '2.0 MT (106 л.с.)', 1985, 1989),
(32472, 6313, 753, '2.0 MT (133 л.с.)', 1987, 1989),
(32473, 6313, 753, '2.0 MT (137 л.с.)', 1987, 1987),
(32474, 6314, 753, '1.6 MT (88 л.с.)', 1985, 1989),
(32475, 6314, 753, '2.0 AT (102 л.с.)', 1987, 1989),
(32476, 6314, 753, '2.0 AT (103 л.с.)', 1987, 1989),
(32477, 6314, 753, '2.0 AT (106 л.с.)', 1985, 1989),
(32478, 6314, 753, '2.0 AT (116 л.с.)', 1987, 1989),
(32480, 6314, 753, '2.0 MT (102 л.с.)', 1987, 1989),
(32481, 6314, 753, '2.0 MT (103 л.с.)', 1987, 1989),
(32484, 6314, 753, '2.0 MT (122 л.с.)', 1985, 1987),
(32485, 6316, 753, '1.6 AT (80 л.с.)', 1981, 1983),
(32486, 6316, 753, '1.6 AT (88 л.с.)', 1983, 1985),
(32487, 6316, 753, '1.6 MT (80 л.с.)', 1981, 1983),
(32490, 6316, 753, '1.8 MT (101 л.с.)', 1983, 1985),
(32499, 6306, 753, '1.6 MT (115 л.с.)', 1998, 2002),
(32500, 6306, 753, '1.9 AT (136 л.с.)', 1998, 2002),
(32501, 6306, 753, '1.9 MT (136 л.с.)', 1998, 2002),
(32502, 6306, 753, '2.0 AT (147 л.с.)', 1998, 2002),
(32505, 6306, 753, '2.0d MT (105 л.с.)', 1998, 2002),
(32507, 6310, 753, '1.9 AT (105 л.с.)', 1990, 1993),
(32508, 6310, 753, '1.9 MT (105 л.с.)', 1990, 1993),
(32511, 6310, 753, '2.0 MT (110 л.с.)', 1990, 1993),
(32514, 6310, 753, '2.0 MT (90 л.с.)', 1990, 1993),
(32515, 6310, 753, '2.2 AT (130 л.с.)', 1990, 1993),
(32518, 6310, 753, '2.2 MT (150 л.с.)', 1990, 1993),
(32523, 6322, 757, '0.7 MT (64 л.с.)', 1991, 1996),
(32527, 6326, 760, '1.5 AT (130 л.с.)', 1991, 1995),
(32528, 6326, 760, '1.5 AT (91 л.с.)', 1991, 1995),
(32531, 6326, 760, '1.5 MT (130 л.с.)', 1991, 1995),
(32532, 6326, 760, '1.5 MT (91 л.с.)', 1991, 1995),
(32533, 6326, 760, '1.5 MT (94 л.с.)', 1991, 1995),
(32534, 6326, 760, '1.6 AT (105 л.с.)', 1991, 1995),
(32536, 6326, 760, '1.6 AT (130 л.с.)', 1991, 1995),
(32537, 6326, 760, '1.6 AT (130 л.с.) 4WD', 1991, 1995),
(32538, 6326, 760, '1.6 AT (155 л.с.)', 1991, 1995),
(32539, 6326, 760, '1.6 MT (105 л.с.)', 1991, 1995),
(32540, 6326, 760, '1.6 MT (105 л.с.) 4WD', 1991, 1995),
(32542, 6326, 760, '1.6 MT (130 л.с.) 4WD', 1991, 1995),
(32543, 6326, 760, '1.6 MT (170 л.с.)', 1991, 1995),
(32545, 6325, 760, '1.3 MT (91 л.с.)', 1995, 2000),
(32548, 6325, 760, '1.5 CVT (130 л.с.)', 1995, 2000),
(32549, 6325, 760, '1.5 MT (105 л.с.)', 1995, 2000),
(32552, 6325, 760, '1.6 AT (105 л.с.) 4WD', 1997, 1998),
(32553, 6325, 760, '1.6 AT (120 л.с.)', 1995, 2000),
(32555, 6325, 760, '1.6 AT (155 л.с.)', 1995, 2000),
(32556, 6325, 760, '1.6 MT (105 л.с.)', 1997, 1998),
(32559, 6325, 760, '1.6 MT (120 л.с.) 4WD', 1995, 2000),
(32560, 6325, 760, '1.6 MT (170 л.с.)', 1995, 2000),
(32561, 6327, 761, '1.6d MT (120 л.с.)', 2013, NULL),
(32562, 6327, 761, '1.8 AT (142 л.с.)', 2013, NULL),
(32563, 6327, 761, '1.8 MT (142 л.с.)', 2013, NULL),
(32564, 6328, 761, '1.8 AT (142 л.с.)', 2012, NULL),
(32565, 6328, 761, '1.8 MT (142 л.с.)', 2012, NULL),
(32568, 6331, 761, '1.8 MT (140 л.с.)', 2006, 2011),
(32569, 6331, 761, '2.0 MT (197 л.с.)', 2006, 2011),
(32570, 6332, 761, '1.3 AT (83 л.с.)', 2006, 2009),
(32573, 6332, 761, '1.8 AT (140 л.с.) AMT', 2006, 2009),
(32574, 6332, 761, '1.8 MT (140 л.с.)', 2006, 2011),
(32575, 6332, 761, '2.2d MT (140 л.с.)', 2006, 2011),
(32577, 6317, 753, '1.6 MT (80 л.с.)', 1979, 1981),
(32578, 6330, 761, '1.8 AT (142 л.с.)', 2012, 2013),
(32579, 6330, 761, '1.8 MT (142 л.с.)', 2012, 2013),
(32582, 6334, 761, 'Hybrid 1.3hyb CVT (95 л.с.)', 2005, 2011),
(32584, 6334, 761, '1.8 AT (140 л.с.)', 2006, 2011),
(32587, 6337, 761, '1.4 MT (90 л.с.)', 2001, 2006),
(32588, 6337, 761, '1.6 AT (110 л.с.)', 2001, 2006),
(32591, 6337, 761, 'Type S 2.0 MT (160 л.с.)', 2004, 2006),
(32592, 6338, 761, '1.4 AT (90 л.с.)', 2001, 2005),
(32593, 6338, 761, '1.4 MT (90 л.с.)', 2001, 2005),
(32594, 6338, 761, '1.5 AT (115 л.с.) 4WD', 2001, 2005),
(32595, 6338, 761, '1.6 AT (110 л.с.)', 2001, 2005),
(32597, 6338, 761, '1.7d MT (100 л.с.)', 2001, 2005),
(32598, 6329, 761, '1.4 MT (100 л.с.)', 2012, NULL),
(32599, 6329, 761, '1.6d MT (120 л.с.)', 2012, NULL),
(32602, 6329, 761, '2.2d MT (150 л.с.)', 2012, NULL),
(32605, 6335, 761, '1.6 AT (110 л.с.)', 2001, 2006),
(32607, 6335, 761, '1.7 AT (125 л.с.)', 2001, 2006),
(32608, 6335, 761, '1.7 MT (125 л.с.)', 2001, 2006),
(32611, 6340, 761, '1.4 MT (75 л.с.)', 1997, 2002),
(32614, 6340, 761, '1.5 MT (115 л.с.)', 1997, 2002),
(32617, 6340, 761, '1.6 MT (116 л.с.)', 1997, 2002),
(32618, 6340, 761, '1.6 MT (125 л.с.)', 1997, 2002),
(32619, 6340, 761, '1.8 MT (169 л.с.)', 1997, 2002),
(32622, 6341, 761, '1.6 AT (125 л.с.)', 1996, 2001),
(32623, 6341, 761, '1.6 MT (105 л.с.)', 1996, 2001),
(32626, 6344, 761, '1.5 MT (90 л.с.)', 1995, 1997),
(32627, 6344, 761, '1.6 AT (113 л.с.)', 1994, 1997),
(32628, 6344, 761, '1.6 MT (113 л.с.)', 1994, 1997),
(32631, 6339, 761, '1.4 AT (90 л.с.)', 1998, 2001),
(32632, 6339, 761, '1.4 MT (75 л.с.)', 1998, 2001),
(32633, 6339, 761, '1.4 MT (90 л.с.)', 1998, 2001),
(32634, 6339, 761, '1.5 AT (115 л.с.)', 1998, 2001),
(32636, 6339, 761, '1.6 AT (125 л.с.)', 1998, 2001),
(32639, 6339, 761, '1.6 MT (125 л.с.)', 1998, 2001),
(32640, 6339, 761, '1.8 AT (169 л.с.)', 1998, 2001),
(32641, 6339, 761, '1.8 MT (169 л.с.)', 1998, 2001),
(32642, 6339, 761, '2.0d MT (105 л.с.)', 1998, 2001),
(32645, 6342, 761, '1.5 AT (115 л.с.)', 1995, 2001),
(32646, 6342, 761, '1.5 AT (90 л.с.)', 1995, 2001),
(32649, 6342, 761, '1.6 AT (125 л.с.)', 1995, 2001),
(32650, 6342, 761, '1.6 AT (160 л.с.)', 1995, 2001),
(32653, 6342, 761, '1.6 MT (160 л.с.)', 1995, 2001),
(32654, 6343, 761, '1.4 AT (75 л.с.)', 1995, 2001),
(32658, 6343, 761, '1.5 AT (115 л.с.)', 1995, 2001),
(32661, 6343, 761, '1.6 CVT (116 л.с.)', 1995, 2001),
(32662, 6343, 761, '1.6 MT (116 л.с.)', 1995, 2001),
(32663, 6343, 761, '1.6 MT (160 л.с.)', 1995, 2001),
(32664, 6347, 761, '1.3 MT (75 л.с.)', 1991, 1995),
(32665, 6347, 761, '1.5 AT (90 л.с.)', 1991, 1995),
(32666, 6347, 761, '1.5 MT (90 л.с.)', 1991, 1995),
(32667, 6347, 761, '1.6 AT (125 л.с.)', 1991, 1995),
(32670, 6347, 761, '1.6 MT (125 л.с.) 4WD', 1991, 1995),
(32671, 6347, 761, '1.6 MT (160 л.с.)', 1991, 1995),
(32672, 6348, 761, '1.3 MT (75 л.с.)', 1987, 1991),
(32673, 6348, 761, '1.4 AT (90 л.с.)', 1987, 1989),
(32674, 6348, 761, '1.4 MT (90 л.с.)', 1987, 1989),
(32675, 6348, 761, '1.5 AT (90 л.с.)', 1987, 1991),
(32677, 6348, 761, '1.6 AT (109 л.с.)', 1987, 1991),
(32678, 6348, 761, '1.6 AT (109 л.с.) 4WD', 1989, 1991),
(32681, 6348, 761, '1.6 MT (109 л.с.) 4WD', 1989, 1991),
(32682, 6348, 761, '1.6 MT (110 л.с.)', 1987, 1991),
(32684, 6318, 753, '1.6 MT (80 л.с.)', 1978, 1981),
(32685, 6346, 761, '1.5 AT (90 л.с.)', 1991, 1995),
(32686, 6346, 761, '1.5 MT (90 л.с.)', 1991, 1995),
(32689, 6346, 761, '1.6 MT (125 л.с.)', 1991, 1995),
(32690, 6346, 761, '1.6 MT (125 л.с.) 4WD', 1991, 1995),
(32691, 6346, 761, '1.6 MT (160 л.с.)', 1991, 1995),
(32694, 6349, 761, '1.4 MT (90 л.с.)', 1987, 1991),
(32695, 6349, 761, '1.5 AT (90 л.с.)', 1987, 1991),
(32698, 6349, 761, '1.6 AT (109 л.с.) 4WD', 1989, 1991),
(32699, 6349, 761, '1.6 AT (110 л.с.)', 1987, 1991),
(62106, 10827, 2249, '3.7 MT (333 л.с.)', 2014, 2015),
(32702, 6349, 761, '1.6 MT (110 л.с.)', 1987, 1991),
(62105, 10827, 2249, '3.7 AT (333 л.с.) 4WD', 2014, 2015),
(32705, 6352, 761, '1.5 MT (86 л.с.)', 1983, 1987),
(32706, 6352, 761, '1.5 MT (86 л.с.) 4WD', 1985, 1987),
(32709, 6336, 761, '1.7 MT (120 л.с.)', 2001, 2006),
(32710, 6336, 761, '1.7 MT (125 л.с.)', 2001, 2006),
(32713, 6351, 761, '1.5 AT (101 л.с.)', 1985, 1987),
(32714, 6351, 761, '1.5 AT (86 л.с.)', 1983, 1987),
(32717, 6351, 761, '1.5 MT (86 л.с.)', 1983, 1987),
(32718, 6351, 761, '1.5 MT (90 л.с.)', 1986, 1987),
(62104, 10827, 2249, '3.7 AT (333 л.с.)', 2014, 2015),
(32721, 6353, 761, '1.3 MT (60 л.с.)', 1980, 1983),
(32722, 6353, 761, '1.3 MT (71 л.с.)', 1980, 1983),
(32723, 6356, 761, '1.2 MT (60 л.с.)', 1972, 1979),
(32727, 6357, 761, '1.2 MT (63 л.с.)', 1972, 1979),
(32728, 6357, 761, '1.5 MT (70 л.с.)', 1972, 1979),
(32731, 6345, 761, '1.6 AT (125 л.с.)', 1994, 1996),
(32733, 6345, 761, '1.6 MT (125 л.с.)', 1994, 1996),
(32734, 6345, 761, '1.6 MT (125 л.с.) 4WD', 1994, 1996),
(32735, 6355, 761, '1.3 MT (60 л.с.)', 1979, 1983),
(32737, 6355, 761, '1.5 MT (90 л.с.)', 1988, 1997),
(32738, 6355, 761, '1.6 AT (109 л.с.)', 1988, 1997),
(32741, 6358, 763, '2.0 AT (150 л.с.)', 2006, 2012),
(32743, 6358, 763, '2.0 MT (150 л.с.)', 2006, 2012),
(32744, 6358, 763, '2.0 MT (150 л.с.) 4WD', 2006, 2012),
(32746, 6358, 763, '2.2d AT (140 л.с.) 4WD', 2006, 2012),
(32747, 6358, 763, '2.2d MT (140 л.с.)', 2006, 2012),
(32749, 6358, 763, '2.4 AT (166 л.с.)', 2007, 2012),
(32750, 6358, 763, '2.4 AT (166 л.с.) 4WD', 2007, 2012),
(32753, 6361, 764, '1.6 AT (150 л.с.)', 1989, 1992),
(32754, 6361, 764, '1.6 MT (125 л.с.)', 1987, 1992),
(32757, 6362, 764, '1.3 MT (71 л.с.)', 1983, 1987),
(32758, 6362, 764, '1.5 AT (101 л.с.)', 1983, 1986),
(32761, 6362, 764, '1.6 MT (125 л.с.)', 1983, 1987),
(32762, 6359, 763, '2.0 AT (150 л.с.)', 2002, 2006),
(32765, 6359, 763, '2.0 MT (150 л.с.) 4WD', 2002, 2006),
(32766, 6359, 763, '2.2d MT (140 л.с.)', 2003, 2006),
(32767, 6359, 763, '2.2d MT (140 л.с.) 4WD', 2003, 2006),
(32768, 6359, 763, '2.4 AT (162 л.с.)', 2002, 2006),
(32769, 6359, 763, '2.4 AT (162 л.с.) 4WD', 2002, 2006),
(32772, 6360, 763, '2.0 AT (128 л.с.)', 1995, 1999),
(32773, 6360, 763, '2.0 AT (128 л.с.) 4WD', 1995, 1999),
(32778, 6360, 763, '2.0 MT (147 л.с.)', 1999, 2002),
(32779, 6360, 763, '2.0 MT (147 л.с.) 4WD', 1999, 2002),
(32782, 6366, 768, '1.6 AT (130 л.с.)', 1992, 1996),
(32785, 6366, 768, '1.6 MT (130 л.с.)', 1992, 1996),
(32787, 6366, 768, '1.8 MT (140 л.с.)', 1992, 1996),
(32794, 6350, 761, '1.3 MT (71 л.с.)', 1985, 1987),
(32798, 6350, 761, '1.5 MT (86 л.с.)', 1985, 1987),
(32799, 6350, 761, '1.5 MT (90 л.с.)', 1985, 1987),
(32800, 6354, 761, '1.2 MT (54 л.с.)', 1980, 1983),
(32813, 6375, 778, '1.0 CVT (68 л.с.)', 1999, 2006),
(32818, 6365, 767, '3.5 AT (275 л.с.) 4WD', 2010, 2013),
(32819, 6368, 770, '2.4 AT (162 л.с.)', 2003, 2008),
(32820, 6368, 770, '2.4 AT (162 л.с.) 4WD', 2003, 2008),
(32821, 6368, 770, '2.4 MT (162 л.с.)', 2003, 2008),
(32822, 6368, 770, '2.4 MT (162 л.с.) 4WD', 2003, 2008),
(32829, 6379, 780, '1.6 AT (120 л.с.)', 1989, 1993),
(32832, 6379, 780, '1.6 MT (105 л.с.)', 1989, 1993),
(32833, 6379, 780, '1.6 MT (120 л.с.)', 1989, 1993),
(63555, 14792, 871, 'QX56 5.6 AT (325 л.с.)', 2007, 2010),
(32838, 6380, 780, '1.6 AT (120 л.с.)', 1989, 1993),
(32841, 6380, 780, '1.6 MT (105 л.с.)', 1991, 1993),
(32844, 6380, 780, '1.6 MT (170 л.с.)', 1991, 1993),
(32845, 6372, 774, '1.3 CVT (86 л.с.)', 2001, 2007),
(32848, 6372, 774, '1.5 CVT (110 л.с.)', 2002, 2007),
(32851, 6372, 774, '1.5 MT (110 л.с.) 4WD', 2002, 2007),
(32854, 6377, 780, '1.8 AT (137 л.с.)', 1993, 2001),
(32855, 6377, 780, '1.8 AT (145 л.с.)', 1993, 2001),
(32856, 6377, 780, '1.8 AT (170 л.с.)', 1993, 2000),
(32859, 6377, 780, '1.8 MT (170 л.с.)', 1993, 2000),
(32860, 6377, 780, '1.8 MT (180 л.с.)', 1993, 2000),
(32863, 6383, 782, '1.3 CVT (83 л.с.)', 2001, 2008),
(63552, 14790, 867, 'M45 4.5 AT (340 л.с.)', 2008, 2010),
(32865, 6383, 782, '1.5 CVT (120 л.с.)', 2001, 2008),
(32867, 6378, 780, '1.6 AT (120 л.с.)', 1993, 2000),
(32870, 6378, 780, '1.6 MT (120 л.с.) 4WD', 1993, 2000),
(32873, 6378, 780, '1.8 MT (170 л.с.)', 1993, 1999),
(32874, 6378, 780, '1.8 MT (180 л.с.)', 1993, 2000),
(32877, 6385, 783, '3.2 MT (205 л.с.)', 1991, 1996),
(32878, 6388, 783, '2.5 AT (150 л.с.)', 1986, 1987),
(32879, 6388, 783, '2.5 AT (173 л.с.)', 1987, 1988),
(32880, 6388, 783, '2.5 MT (150 л.с.)', 1986, 1987),
(32881, 6388, 783, '2.5 MT (173 л.с.)', 1987, 1988),
(32884, 6389, 784, '0.7 AT (50 л.с.)', 2003, 2008),
(63549, 14790, 867, 'M35 3.5 AT (307 л.с.) 4WD', 2008, 2010),
(32887, 6390, 784, '0.7 MT (50 л.с.)', 1998, 2003),
(32888, 6386, 783, '3.2 AT (205 л.с.)', 1991, 1996),
(63550, 14790, 867, 'M35 3.5 AT (307 л.с.)', 2008, 2010),
(63551, 14790, 867, 'M45 4.5 AT (340 л.с.) 4WD', 2008, 2010),
(32891, 6387, 783, '2.7 MT (169 л.с.)', 1987, 1990),
(32894, 6396, 789, '2.2 AT (150 л.с.)', 1994, 1997),
(63548, 14790, 867, 'M35 3.5 AT (303 л.с.)', 2008, 2010),
(32896, 6396, 789, '2.3 AT (150 л.с.)', 1997, 1999),
(32897, 6396, 789, '2.3 AT (150 л.с.) 4WD', 1997, 1999),
(63547, 14790, 867, 'M35 3.5 AT (303 л.с.) 4WD', 2008, 2010),
(32898, 6381, 780, '1.5 AT (86 л.с.)', 1985, 1989),
(63553, 14791, 868, 'Q45 4.5 AT (340 л.с.)', 2004, 2006),
(32901, 6381, 780, '1.6 MT (120 л.с.)', 1985, 1989),
(32902, 6394, 789, '3.5 AT (240 л.с.)', 2008, 2010),
(32903, 6394, 789, '3.5 AT (244 л.с.)', 2005, 2008),
(32905, 6400, 793, '3.2 AT (177 л.с.)', 1993, 1998),
(32906, 6400, 793, '3.2 AT (177 л.с.) 4WD', 1993, 1998),
(32907, 6400, 793, '3.2 MT (177 л.с.)', 1993, 1998),
(32910, 6399, 792, '1.3 MT (91 л.с.)', 1996, 2004),
(32911, 6399, 792, '1.5 AT (105 л.с.)', 1996, 2004),
(32913, 6399, 792, '1.6 AT (105 л.с.) 4WD', 1996, 2004),
(32914, 6399, 792, '1.6 MT (105 л.с.) 4WD', 1996, 2004),
(32916, 6402, 795, '2.0 MT (133 л.с.)', 1992, 1996),
(32917, 6402, 795, '2.2 AT (185 л.с.)', 1993, 1996),
(32920, 6402, 795, '2.3 MT (160 л.с.)', 1992, 1996),
(32928, 6404, 795, '1.8 AT (101 л.с.)', 1985, 1987),
(32931, 6404, 795, '1.9 MT (105 л.с.)', 1983, 1987),
(32936, 6411, 801, '2.0 AT (160 л.с.)', 1995, 1998),
(32937, 6411, 801, '2.5 AT (180 л.с.)', 1995, 1998),
(32946, 6415, 803, '2.0 AT (125 л.с.)', 1996, 1999),
(32947, 6415, 803, '2.0 AT (125 л.с.) 4WD', 1996, 1999),
(32971, 6421, 809, '2.0 AT (165 л.с.)', 1989, 1995),
(32974, 6421, 809, '2.5 MT (190 л.с.)', 1989, 1998),
(33071, 6403, 795, '2.0 AT (109 л.с.)', 1987, 1992),
(33072, 6403, 795, '2.0 AT (114 л.с.)', 1987, 1992),
(33075, 6403, 795, '2.0 AT (137 л.с.) BA4', 1987, 1992),
(33077, 6403, 795, '2.0 AT (150 л.с.)', 1987, 1990),
(33080, 6403, 795, '2.0 MT (137 л.с.)', 1986, 1987),
(33083, 6403, 795, '2.0 MT (140 л.с.)', 1990, 1992),
(33121, 6413, 803, '2.0 AT (155 л.с.) 4WD', 2005, 2009),
(49168, 9459, 2112, '2.5 AT (222 л.с.)', 2014, NULL),
(63183, 6500, 867, 'M35 3.5 AT (280 л.с.) 4WD', 2005, 2008),
(43307, 8604, 759, '1.2 MT (110 л.с.)', 1983, 1986),
(43305, 8604, 759, '1.2 AT (110 л.с.)', 1983, 1986),
(43514, 8652, 862, 'FX35 3.5 AT (280 л.с.)', 2003, 2006),
(43513, 8652, 862, 'FX35 3.5 AT (280 л.с.) 4WD', 2003, 2006),
(43512, 8651, 862, 'FX50 5.0 AT (400 л.с.) 4WD', 2008, 2012),
(43511, 8651, 862, 'FX50 5.0 AT (390 л.с.) 4WD', 2008, 2010),
(43510, 8651, 862, 'FX37 3.7 AT (333 л.с.) 4WD', 2010, 2012),
(43509, 8651, 862, 'FX35 3.5 AT (307 л.с.) 4WD', 2008, 2012),
(43508, 8651, 862, 'FX30d 3.0d AT (238 л.с.) 4WD', 2009, 2012),
(49174, 9459, 2112, '5.6 AT (408 л.с.) 4WD', 2014, NULL),
(49173, 9459, 2112, '5.6 AT (408 л.с.)', 2014, NULL),
(49172, 9459, 2112, '3.7 AT (333 л.с.) 4WD', 2014, NULL),
(49171, 9459, 2112, '3.7 AT (333 л.с.)', 2014, NULL),
(49170, 9459, 2112, '3.5hyb AT (303 л.с.)', 2014, NULL),
(49169, 9459, 2112, '3.0d AT (238 л.с.)', 2014, NULL),
(43502, 8650, 875, '5.6 AT (405 л.с.) 4WD', 2013, 2014),
(43501, 8650, 875, '5.6 AT (405 л.с.)', 2013, 2014),
(43500, 8649, 875, '5.6 AT (405 л.с.) 4WD', 2014, NULL),
(43499, 8649, 875, '5.6 AT (405 л.с.)', 2014, NULL),
(43379, 8626, 810, '0.7 AT (64 л.с.) 4WD', 1998, 2002),
(43378, 8626, 810, '0.7 AT (52 л.с.) 4WD', 1998, 2002),
(43377, 8625, 808, '0.7 MT (64 л.с.) 4WD', 1999, 2009),
(43376, 8625, 808, '0.7 MT (46 л.с.)', 1999, 2009),
(43375, 8625, 808, '0.7 AT (64 л.с.) 4WD', 1999, 2009),
(43374, 8625, 808, '0.7 AT (46 л.с.)', 1999, 2009),
(43373, 8622, 804, '2.0 MT (156 л.с.) 4WD', 2000, 2006),
(43372, 8622, 804, '2.0 MT (156 л.с.)', 2000, 2006),
(43371, 8622, 804, '2.0 AT (156 л.с.) 4WD', 2000, 2006),
(43370, 8622, 804, '2.0 AT (156 л.с.)', 2000, 2006),
(43369, 8622, 804, '1.7 MT (125 л.с.) 4WD', 2000, 2006),
(43368, 8622, 804, '1.7 MT (125 л.с.)', 2000, 2006),
(43367, 8622, 804, '1.7 AT (125 л.с.) 4WD', 2000, 2006),
(43366, 8622, 804, '1.7 AT (125 л.с.)', 2000, 2006),
(43357, 8618, 794, '3.5 AT (258 л.с.) 4WD', 2004, 2008),
(43356, 8618, 794, '3.5 AT (258 л.с.)', 2004, 2008),
(43355, 8618, 794, '3.5 AT (240 л.с.) 4WD', 2002, 2004),
(43354, 8618, 794, '3.5 AT (240 л.с.)', 2002, 2004),
(43351, 8613, 779, '2.5 MT (190 л.с.)', 1989, 1995),
(43350, 8613, 779, '2.5 AT (190 л.с.)', 1989, 1995),
(43349, 8613, 779, '2.0 MT (165 л.с.)', 1989, 1995),
(43348, 8613, 779, '2.0 AT (165 л.с.)', 1989, 1995),
(43347, 8617, 790, '3.0 AT (200 л.с.) 4WD', 1994, 1999),
(43346, 8617, 790, '3.0 AT (200 л.с.)', 1994, 1999),
(43345, 8617, 790, '2.3 AT (150 л.с.) 4WD', 1994, 1999),
(43344, 8617, 790, '2.3 AT (150 л.с.)', 1994, 1999),
(43343, 8617, 790, '2.2 AT (150 л.с.) 4WD', 1994, 1999),
(43342, 8617, 790, '2.2 AT (150 л.с.)', 1994, 1999),
(43341, 8616, 790, '3.0 AT (210 л.с.)', 1999, 2004),
(43340, 8616, 790, '2.3 AT (150 л.с.)', 1999, 2004),
(43339, 8615, 790, '2.4 CVT (160 л.с.)', 2004, 2008),
(43338, 8615, 790, '2.4 AT (160 л.с.) 4WD', 2004, 2008),
(43337, 8612, 779, '3.2 AT (210 л.с.)', 1995, 1998),
(43336, 8612, 779, '2.5 AT (190 л.с.)', 1995, 1998),
(43335, 8612, 779, '2.5 AT (180 л.с.)', 1995, 1998),
(43334, 8612, 779, '2.0 AT (160 л.с.)', 1995, 1998),
(43333, 8611, 779, '3.2 AT (260 л.с.)', 2001, 2003),
(43332, 8611, 779, '3.2 AT (225 л.с.)', 1998, 2001),
(43331, 8611, 779, '2.5 AT (200 л.с.)', 1998, 2003),
(43330, 8610, 779, '3.0 AT (250 л.с.)', 2003, 2007),
(43323, 8603, 759, '1.3 MT (82 л.с.)', 1986, 1994),
(43322, 8603, 759, '1.3 MT (100 л.с.)', 1986, 1993),
(43321, 8603, 759, '1.3 AT (82 л.с.)', 1986, 1994),
(43320, 8603, 759, '1.3 AT (100 л.с.)', 1986, 1993),
(43319, 8603, 759, '1.2 MT (76 л.с.)', 1986, 1994),
(43318, 8603, 759, '1.2 AT (76 л.с.)', 1986, 1994),
(43296, 8602, 759, '1.5 MT (105 л.с.)', 1996, 2002),
(43309, 8604, 759, '1.2 MT (67 л.с.)', 1982, 1986),
(43308, 8604, 759, '1.2 MT (44 л.с.)', 1981, 1986),
(43306, 8604, 759, '1.2 AT (67 л.с.)', 1982, 1986),
(43295, 8602, 759, '1.5 AT (105 л.с.)', 1996, 2002),
(43294, 8602, 759, '1.3 MT (94 л.с.)', 1996, 2002),
(43293, 8602, 759, '1.3 AT (94 л.с.)', 1996, 2002),
(43292, 8601, 759, '1.3 MT (83 л.с.)', 2006, 2008),
(43291, 8601, 759, '1.3 AT (83 л.с.)', 2006, 2008),
(52451, 6297, 753, '2.0 AT (150 л.с.)', 2008, 2012),
(52452, 6297, 753, '2.0 MT (150 л.с.)', 2008, 2012),
(52453, 6297, 753, '2.4 MT (201 л.с.)', 2008, 2012),
(52454, 6298, 753, '2.0 AT (155 л.с.)', 2007, 2012),
(52455, 6298, 753, '2.0 MT (155 л.с.)', 2007, 2012),
(52456, 6298, 753, '2.2d MT (150 л.с.)', 2008, 2012),
(52457, 6298, 753, '2.4 AT (177 л.с.)', 2007, 2012),
(52458, 6298, 753, '2.4 AT (201 л.с.)', 2007, 2012),
(52459, 6298, 753, '2.4 MT (177 л.с.)', 2007, 2012),
(52460, 6298, 753, '2.4 MT (201 л.с.)', 2007, 2012),
(52461, 6299, 753, '2.4 AT (190 л.с.)', 2007, 2012),
(52462, 6299, 753, '2.4 MT (190 л.с.)', 2007, 2012),
(52463, 6299, 753, '3.5 MT (268 л.с.)', 2007, 2012),
(52464, 6300, 753, '2.0 AT (155 л.с.) Sport', 2002, 2008),
(52465, 6300, 753, '2.0 MT (155 л.с.)', 2002, 2008),
(52466, 6300, 753, '2.2d MT (140 л.с.)', 2002, 2008),
(52467, 6300, 753, '2.4 AT (160 л.с.)', 2002, 2008),
(52468, 6300, 753, '2.4 MT (160 л.с.)', 2002, 2008),
(52469, 6300, 753, '2.4 MT (190 л.с.)', 2002, 2008),
(52470, 6301, 753, '3.0 AT (240 л.с.)', 2002, 2008),
(52471, 6301, 753, '3.0 MT (240 л.с.)', 2002, 2008),
(52472, 6302, 753, '2.2d MT (140 л.с.)', 2002, 2008),
(52473, 6302, 753, '2.4 AT (160 л.с.)', 2003, 2008),
(52474, 6303, 753, '3.0 AT (200 л.с.)', 1998, 2002),
(52475, 6304, 753, '1.9 MT (136 л.с.)', 1998, 2002),
(52476, 6304, 753, '2.0 AT (147 л.с.)', 1998, 2002),
(52477, 6304, 753, '2.0 MT (147 л.с.)', 1998, 2002),
(52478, 6304, 753, '2.3 MT (154 л.с.)', 2001, 2002),
(52479, 6305, 753, '2.3 AT (137 л.с.)', 1998, 2002),
(52480, 6306, 753, '2.0 AT (180 л.с.)', 1997, 2002),
(52481, 6306, 753, '2.0 MT (147 л.с.)', 1998, 2002),
(52482, 6306, 753, '2.3 AT (154 л.с.)', 2001, 2002),
(52483, 6307, 753, '1.9 AT (115 л.с.)', 1996, 1998),
(52484, 6307, 753, '2.0 AT (131 л.с.)', 1993, 1996),
(52485, 6307, 753, '2.0 MT (115 л.с.)', 1993, 1996),
(52486, 6307, 753, '2.2 MT (150 л.с.)', 1996, 1998),
(52487, 6307, 753, '2.3 AT (158 л.с.)', 1993, 1996),
(52488, 6308, 753, '2.2 MT (150 л.с.)', 1993, 1998),
(52489, 6309, 753, '2.0 AT (136 л.с.)', 1993, 1998),
(52490, 6309, 753, '2.2 AT (150 л.с.)', 1993, 1998),
(52491, 6310, 753, '2.0 AT (110 л.с.)', 1990, 1993),
(52492, 6310, 753, '2.0 AT (133 л.с.)', 1990, 1993),
(52493, 6310, 753, '2.0 MT (133 л.с.)', 1990, 1993),
(52494, 6310, 753, '2.0 MT (150 л.с.)', 1990, 1993),
(52495, 6310, 753, '2.2 AT (150 л.с.)', 1990, 1993),
(52496, 6310, 753, '2.2 MT (130 л.с.)', 1990, 1993),
(52497, 6311, 753, '2.0 MT (150 л.с.)', 1991, 1993),
(52498, 6311, 753, '2.2 AT (150 л.с.)', 1990, 1993),
(52499, 6312, 753, '2.2 AT (150 л.с.)', 1990, 1993),
(52500, 6312, 753, '2.2 MT (150 л.с.)', 1990, 1993),
(52501, 6313, 753, '2.0 AT (102 л.с.)', 1985, 1989),
(52502, 6313, 753, '2.0 AT (103 л.с.)', 1985, 1989),
(52503, 6313, 753, '2.0 MT (116 л.с.)', 1987, 1989),
(52504, 6313, 753, '2.0 MT (122 л.с.)', 1985, 1987),
(52505, 6314, 753, '2.0 AT (122 л.с.)', 1985, 1987),
(52506, 6314, 753, '2.0 MT (106 л.с.)', 1985, 1989),
(52507, 6314, 753, '2.0 MT (116 л.с.)', 1987, 1989),
(52508, 6315, 753, '1.8 AT (101 л.с.)', 1983, 1985),
(52509, 6315, 753, '1.8 MT (101 л.с.)', 1983, 1985),
(52510, 6316, 753, '1.6 MT (88 л.с.)', 1983, 1985),
(52511, 6316, 753, '1.8 AT (101 л.с.)', 1983, 1985),
(52512, 6317, 753, '1.6 AT (80 л.с.)', 1979, 1981),
(52513, 6318, 753, '1.6 AT (80 л.с.)', 1978, 1981),
(52514, 6325, 760, '1.3 AT (91 л.с.)', 1995, 2000),
(52515, 6325, 760, '1.5 AT (105 л.с.)', 1995, 2000),
(52516, 6325, 760, '1.5 CVT (105 л.с.)', 1995, 2000),
(52517, 6325, 760, '1.5 MT (130 л.с.)', 1995, 2000),
(52518, 6325, 760, '1.6 AT (105 л.с.)', 1997, 1998),
(52519, 6325, 760, '1.6 AT (120 л.с.) 4WD', 1995, 2000),
(52520, 6325, 760, '1.6 MT (105 л.с.) 4WD', 1997, 1998),
(52521, 6325, 760, '1.6 MT (120 л.с.)', 1995, 2000),
(52522, 6326, 760, '1.3 AT (85 л.с.)', 1991, 1995),
(52523, 6326, 760, '1.3 MT (85 л.с.)', 1991, 1995),
(52524, 6326, 760, '1.5 AT (100 л.с.)', 1991, 1995),
(52525, 6326, 760, '1.5 AT (94 л.с.)', 1991, 1995),
(52526, 6326, 760, '1.5 MT (100 л.с.)', 1991, 1995),
(52527, 6326, 760, '1.6 AT (105 л.с.) 4WD', 1991, 1995),
(52528, 6326, 760, '1.6 MT (130 л.с.)', 1991, 1995),
(52529, 6328, 761, 'Si 2.4 MT (201 л.с.)', 2012, NULL),
(52530, 6329, 761, '1.8 AT (142 л.с.)', 2012, NULL),
(52531, 6329, 761, '1.8 MT (142 л.с.)', 2012, NULL),
(52532, 6331, 761, '1.8 AT (140 л.с.)', 2006, 2011),
(52533, 6332, 761, '1.3 MT (83 л.с.)', 2006, 2009),
(52534, 6332, 761, '1.8 AT (140 л.с.)', 2009, 2011),
(52535, 6333, 761, 'Type R 2.0 MT (201 л.с.)', 2006, 2011),
(52536, 6333, 761, 'Type R 2.0 MT (225 л.с.)', 2007, 2011),
(52537, 6334, 761, '1.6 AT (125 л.с.)', 2006, 2008),
(52538, 6334, 761, '1.8 MT (140 л.с.)', 2006, 2011),
(52539, 6335, 761, '1.4 AT (90 л.с.)', 2001, 2006),
(52540, 6335, 761, '1.4 MT (90 л.с.)', 2001, 2006),
(52541, 6335, 761, '1.6 MT (110 л.с.)', 2001, 2006),
(52542, 6336, 761, '1.7 AT (120 л.с.)', 2001, 2006),
(52543, 6336, 761, '1.7 AT (125 л.с.)', 2001, 2006),
(52544, 6337, 761, '1.4 AT (90 л.с.)', 2001, 2006),
(52545, 6337, 761, '1.6 MT (110 л.с.)', 2001, 2006),
(52546, 6337, 761, '1.7d MT (100 л.с.)', 2001, 2006),
(52547, 6338, 761, '1.6 MT (110 л.с.)', 2001, 2005),
(52548, 6339, 761, '1.4 AT (75 л.с.)', 1998, 2001),
(52549, 6339, 761, '1.5 MT (115 л.с.)', 1998, 2001),
(52550, 6339, 761, '1.6 CVT (116 л.с.)', 1998, 2001),
(52551, 6339, 761, '1.6 MT (116 л.с.)', 1998, 2001),
(52552, 6340, 761, '1.4 AT (75 л.с.)', 1997, 2002),
(52553, 6340, 761, '1.4 AT (90 л.с.)', 1997, 2002),
(52554, 6340, 761, '1.4 MT (90 л.с.)', 1997, 2002),
(52555, 6340, 761, '1.5 AT (115 л.с.)', 1997, 2002),
(52556, 6340, 761, '1.6 AT (125 л.с.)', 1997, 2002),
(52557, 6340, 761, '1.6 CVT (116 л.с.)', 1997, 2002),
(52558, 6340, 761, '2.0d MT (105 л.с.)', 1997, 2002),
(52559, 6341, 761, '1.6 AT (105 л.с.)', 1996, 2001),
(52560, 6341, 761, '1.6 MT (125 л.с.)', 1996, 2001),
(52561, 6342, 761, '1.4 AT (90 л.с.)', 1995, 2001),
(52562, 6342, 761, '1.4 MT (90 л.с.)', 1995, 2001),
(52563, 6342, 761, '1.5 MT (115 л.с.)', 1995, 2001),
(52564, 6342, 761, '1.5 MT (90 л.с.)', 1995, 2001),
(52565, 6342, 761, '1.6 MT (105 л.с.)', 1995, 2001),
(52566, 6342, 761, '1.6 MT (125 л.с.)', 1995, 2001),
(52567, 6343, 761, '1.4 AT (90 л.с.)', 1995, 2001),
(52568, 6343, 761, '1.4 MT (75 л.с.)', 1995, 2001),
(52569, 6343, 761, '1.4 MT (90 л.с.)', 1995, 2001),
(52570, 6343, 761, '1.5 MT (115 л.с.)', 1995, 2001),
(52571, 6343, 761, '1.6 AT (160 л.с.)', 1995, 2001),
(52572, 6344, 761, '1.5 AT (90 л.с.)', 1994, 1997),
(52573, 6344, 761, '1.6 MT (126 л.с.)', 1994, 1997),
(52574, 6345, 761, '1.5 AT (101 л.с.)', 1994, 1996),
(52575, 6345, 761, '1.5 MT (101 л.с.)', 1994, 1996),
(52576, 6345, 761, '1.6 AT (125 л.с.) 4WD', 1994, 1996),
(52577, 6346, 761, '1.6 AT (125 л.с.)', 1991, 1995),
(52578, 6346, 761, '1.6 AT (125 л.с.) 4WD', 1991, 1995),
(52579, 6347, 761, '1.6 AT (125 л.с.) 4WD', 1991, 1995),
(52580, 6347, 761, '1.6 MT (125 л.с.)', 1991, 1995),
(52581, 6348, 761, '1.5 MT (90 л.с.)', 1987, 1991),
(52582, 6348, 761, '1.6 AT (110 л.с.)', 1987, 1991),
(52583, 6348, 761, '1.6 MT (109 л.с.)', 1987, 1991),
(52584, 6349, 761, '1.3 MT (75 л.с.)', 1987, 1991),
(52585, 6349, 761, '1.4 AT (90 л.с.)', 1987, 1991),
(52586, 6349, 761, '1.5 MT (90 л.с.)', 1987, 1991),
(52587, 6349, 761, '1.6 AT (109 л.с.)', 1987, 1991),
(52588, 6349, 761, '1.6 MT (109 л.с.)', 1987, 1991),
(52589, 6349, 761, '1.6 MT (109 л.с.) 4WD', 1989, 1991),
(52590, 6350, 761, '1.2 MT (54 л.с.)', 1985, 1987),
(52591, 6350, 761, '1.3 AT (71 л.с.)', 1985, 1987),
(52592, 6350, 761, '1.5 AT (101 л.с.)', 1985, 1987),
(52593, 6350, 761, '1.5 AT (86 л.с.)', 1985, 1987),
(52594, 6350, 761, '1.5 MT (101 л.с.)', 1985, 1987),
(52595, 6351, 761, '1.2 MT (54 л.с.)', 1985, 1987),
(52596, 6351, 761, '1.3 MT (71 л.с.)', 1983, 1987),
(52597, 6351, 761, '1.5 AT (90 л.с.)', 1986, 1987),
(52598, 6351, 761, '1.5 MT (101 л.с.)', 1985, 1987),
(52599, 6352, 761, '1.5 AT (86 л.с.)', 1983, 1987),
(52600, 6352, 761, '1.5 AT (86 л.с.) 4WD', 1985, 1987),
(52601, 6353, 761, '1.3 AT (71 л.с.)', 1980, 1983),
(52602, 6353, 761, '1.3 MT (45 л.с.)', 1980, 1983),
(52603, 6354, 761, '1.2 MT (60 л.с.)', 1980, 1983),
(52604, 6354, 761, '1.3 MT (60 л.с.)', 1980, 1983),
(52605, 6355, 761, '1.5 AT (90 л.с.)', 1988, 1997),
(52606, 6355, 761, '1.6 MT (109 л.с.)', 1988, 1997),
(52607, 6355, 761, '1.6 MT (110 л.с.) 4WD', 1988, 1997),
(52608, 6356, 761, '1.2 MT (63 л.с.)', 1972, 1979),
(52609, 6356, 761, '1.5 MT (70 л.с.)', 1972, 1979),
(52610, 6357, 761, '1.2 MT (60 л.с.)', 1972, 1979),
(52611, 6358, 763, '2.0 AT (150 л.с.) 4WD', 2006, 2012),
(52612, 6358, 763, '2.2d AT (140 л.с.)', 2006, 2012),
(52613, 6358, 763, '2.2d MT (140 л.с.) 4WD', 2006, 2012),
(52614, 6359, 763, '2.0 AT (150 л.с.) 4WD', 2002, 2006),
(52615, 6359, 763, '2.0 MT (150 л.с.)', 2002, 2006),
(52616, 6359, 763, '2.4 MT (162 л.с.)', 2002, 2006),
(52617, 6359, 763, '2.4 MT (162 л.с.) 4WD', 2002, 2006),
(52618, 6360, 763, '2.0 AT (147 л.с.)', 1999, 2002),
(52619, 6360, 763, '2.0 AT (147 л.с.) 4WD', 1999, 2002),
(52620, 6360, 763, '2.0 MT (128 л.с.)', 1995, 1999),
(52621, 6360, 763, '2.0 MT (128 л.с.) 4WD', 1995, 1999),
(52622, 6361, 764, '1.6 AT (125 л.с.)', 1987, 1992),
(52623, 6361, 764, '1.6 AT (131 л.с.)', 1987, 1989),
(52624, 6361, 764, '1.6 MT (131 л.с.)', 1987, 1989),
(52625, 6361, 764, '1.6 MT (150 л.с.)', 1989, 1992),
(52626, 6362, 764, '1.5 MT (101 л.с.)', 1983, 1986),
(52627, 6362, 764, '1.6 AT (125 л.с.)', 1983, 1987),
(52628, 6365, 767, '3.5 AT (271 л.с.) 4WD', 2010, 2013),
(52629, 6366, 768, '1.6 AT (120 л.с.)', 1992, 1996),
(52630, 6366, 768, '1.6 AT (120 л.с.) 4WD', 1992, 1996),
(52631, 6366, 768, '1.6 MT (120 л.с.)', 1992, 1996),
(52632, 6366, 768, '1.6 MT (120 л.с.) 4WD', 1992, 1996),
(52633, 6366, 768, '1.8 AT (140 л.с.)', 1992, 1996),
(52634, 6372, 774, '1.3 CVT (86 л.с.) 4WD', 2001, 2007),
(52635, 6372, 774, '1.3 MT (86 л.с.)', 2001, 2007),
(52636, 6372, 774, '1.5 CVT (110 л.с.) 4WD', 2002, 2007),
(52637, 6372, 774, '1.5 MT (110 л.с.)', 2002, 2007),
(52638, 6375, 778, '1.0 CVT (76 л.с.)', 1999, 2006),
(52639, 6375, 778, '1.0 MT (68 л.с.)', 1999, 2006),
(52640, 6375, 778, '1.0 MT (76 л.с.)', 1999, 2006),
(52641, 6377, 780, '1.6 AT (120 л.с.)', 1995, 2000),
(52642, 6377, 780, '1.6 MT (120 л.с.)', 1995, 2000),
(52643, 6377, 780, '1.8 MT (137 л.с.)', 1993, 2001),
(52644, 6377, 780, '1.8 MT (145 л.с.)', 1993, 2001),
(52645, 6377, 780, '1.8 MT (200 л.с.)', 1995, 2000),
(52646, 6378, 780, '1.6 AT (120 л.с.) 4WD', 1993, 2000),
(52647, 6378, 780, '1.6 MT (120 л.с.)', 1993, 2000),
(52648, 6378, 780, '1.8 AT (170 л.с.)', 1993, 1999),
(52649, 6378, 780, '1.8 AT (180 л.с.)', 1993, 2000),
(52650, 6379, 780, '1.6 AT (105 л.с.)', 1989, 1993),
(52651, 6379, 780, '1.6 AT (150 л.с.)', 1989, 1991),
(52652, 6379, 780, '1.6 AT (155 л.с.)', 1991, 1993),
(52653, 6379, 780, '1.6 MT (160 л.с.)', 1989, 1991),
(52654, 6379, 780, '1.6 MT (170 л.с.)', 1991, 1993),
(52655, 6379, 780, '1.8 AT (140 л.с.)', 1991, 1993),
(52656, 6380, 780, '1.6 AT (105 л.с.)', 1991, 1993),
(52657, 6380, 780, '1.6 AT (150 л.с.)', 1989, 1991),
(52658, 6380, 780, '1.6 AT (155 л.с.)', 1991, 1993),
(52659, 6380, 780, '1.6 MT (120 л.с.)', 1989, 1993),
(52660, 6380, 780, '1.6 MT (160 л.с.)', 1989, 1991),
(52661, 6381, 780, '1.5 MT (86 л.с.)', 1985, 1989),
(52662, 6381, 780, '1.6 AT (120 л.с.)', 1985, 1989),
(52663, 6383, 782, '1.2 MT (78 л.с.)', 2001, 2008),
(52664, 6383, 782, '1.3 MT (83 л.с.)', 2001, 2008),
(52665, 6383, 782, '1.5 MT (120 л.с.)', 2001, 2008),
(52666, 6384, 783, '3.5 AT (205 л.с.)', 1996, 2004),
(52667, 6385, 783, '3.2 AT (205 л.с.)', 1991, 1996),
(52668, 6386, 783, '3.2 MT (205 л.с.)', 1991, 1996),
(52669, 6387, 783, '2.7 AT (169 л.с.)', 1987, 1990),
(52670, 6388, 783, '2.7 AT (169 л.с.)', 1988, 1990),
(52671, 6388, 783, '2.7 MT (169 л.с.)', 1988, 1990),
(52672, 6389, 784, '0.7 AT (50 л.с.) 4WD', 2003, 2008),
(52673, 6390, 784, '0.7 AT (50 л.с.)', 1998, 2003),
(52674, 6395, 789, '3.5 AT (210 л.с.)', 2002, 2004),
(52675, 6395, 789, '3.5 AT (240 л.с.)', 2002, 2004),
(52676, 6396, 789, '2.2 AT (150 л.с.) 4WD', 1994, 1997),
(52677, 6399, 792, '1.3 AT (91 л.с.)', 1996, 2004),
(52678, 6399, 792, '1.5 MT (105 л.с.)', 1996, 2004),
(52679, 6400, 793, '2.6 AT (120 л.с.)', 1993, 1998),
(52680, 6400, 793, '3.2 MT (177 л.с.) 4WD', 1993, 1998),
(52681, 6402, 795, '2.0 AT (133 л.с.)', 1992, 1996),
(52682, 6402, 795, '2.2 MT (185 л.с.)', 1993, 1996),
(52683, 6402, 795, '2.3 AT (160 л.с.)', 1992, 1996),
(52684, 6403, 795, '2.0 AT (137 л.с.)', 1986, 1987),
(52685, 6403, 795, '2.0 AT (137 л.с.) BA2', 1986, 1987),
(52686, 6403, 795, '2.0 AT (140 л.с.)', 1990, 1992),
(52687, 6403, 795, '2.0 MT (109 л.с.)', 1987, 1992),
(52688, 6403, 795, '2.0 MT (114 л.с.)', 1987, 1992),
(52689, 6403, 795, '2.0 MT (137 л.с.) BA2', 1986, 1987),
(52690, 6403, 795, '2.0 MT (137 л.с.) BA4', 1987, 1992),
(52691, 6403, 795, '2.0 MT (150 л.с.)', 1987, 1990),
(52692, 6404, 795, '1.8 MT (101 л.с.)', 1985, 1987),
(52693, 6404, 795, '1.9 AT (105 л.с.)', 1983, 1987),
(52694, 6405, 795, '1.6 AT (80 л.с.)', 1978, 1982),
(52695, 6405, 795, '1.6 MT (80 л.с.)', 1978, 1982),
(52696, 6413, 803, '2.0 AT (155 л.с.)', 2005, 2009),
(52697, 6413, 803, '2.4 AT (162 л.с.) 4WD', 2005, 2009),
(52698, 6413, 803, '2.4 CVT (162 л.с.)', 2005, 2009),
(52699, 6414, 803, '2.0 AT (128 л.с.)', 1998, 2000),
(52700, 6415, 803, '2.0 AT (135 л.с.)', 1999, 2001),
(52701, 6415, 803, '2.0 AT (135 л.с.) 4WD', 1999, 2001),
(52702, 6421, 809, '2.0 MT (165 л.с.)', 1989, 1995),
(52703, 6421, 809, '2.5 AT (190 л.с.)', 1989, 1998),
(52898, 6493, 863, 'G35 3.5 AT (283 л.с.)', 2003, 2007),
(52899, 6493, 863, 'G35 3.5 MT (283 л.с.)', 2003, 2007),
(52900, 6494, 863, 'G35 3.5 AT (260 л.с.) 4WD', 2003, 2006),
(52901, 6494, 863, 'G35 3.5 AT (260 л.с.)', 2002, 2006),
(52902, 6494, 863, 'G35 3.5 AT (302 л.с.) 4WD', 2005, 2006),
(52903, 6494, 863, 'G35 3.5 AT (302 л.с.)', 2005, 2006),
(52904, 6494, 863, 'G35 3.5 MT (260 л.с.)', 2002, 2006),
(52905, 6494, 863, 'G35 3.5 MT (302 л.с.)', 2002, 2006),
(52906, 6495, 863, 'G20 2.0 AT (140 л.с.)', 1999, 2002),
(52907, 6495, 863, 'G20 2.0 AT (145 л.с.)', 1999, 2002),
(52908, 6495, 863, 'G20 2.0 MT (140 л.с.)', 1999, 2002),
(52909, 6495, 863, 'G20 2.0 MT (145 л.с.)', 1999, 2002),
(52910, 6496, 863, 'G20 2.0 AT (140 л.с.)', 1991, 1996),
(52911, 6496, 863, 'G20 2.0 AT (145 л.с.)', 1992, 1996),
(52912, 6496, 863, 'G20 2.0 MT (140 л.с.)', 1991, 1996);
INSERT INTO `car_modifications` (`id_car_modification`, `id_car_serie`, `id_car_model`, `name`, `start_production_year`, `end_production_year`) VALUES
(52913, 6496, 863, 'G20 2.0 MT (145 л.с.)', 1992, 1996),
(52914, 6497, 864, 'I30 3.0 AT (200 л.с.)', 1995, 1999),
(52915, 6497, 864, 'I30 3.0 MT (200 л.с.)', 1995, 1999),
(52917, 6500, 867, 'M45 4.5 AT (340 л.с.)', 2005, 2008),
(52918, 6501, 867, 'M45 4.5 AT (344 л.с.)', 2002, 2004),
(52919, 6502, 867, 'M30 3.0 AT (164 л.с.)', 1990, 1993),
(52920, 6503, 867, 'M30 3.0 AT (164 л.с.)', 1989, 1993),
(52921, 6504, 868, 'Q45 4.1 AT (269 л.с.)', 1996, 2001),
(52922, 6505, 868, 'Q45 4.5 AT (278 л.с.)', 1989, 1996),
(52923, 6508, 871, 'QX56 5.6 AT (313 л.с.) 4WD', 2004, 2007),
(52924, 6508, 871, 'QX56 5.6 AT (313 л.с.)', 2004, 2007),
(52927, 6509, 871, 'QX4 3.3 AT (168 л.с.) 4WD', 1997, 2000),
(52928, 6509, 871, 'QX4 3.5 AT (243 л.с.) 4WD', 2000, 2003),
(52929, 6509, 871, 'QX4 3.5 AT (243 л.с.)', 2000, 2003),
(63259, 14789, 862, 'FX35 3.5 AT (280 л.с.)', 2006, 2008),
(63258, 14789, 862, 'FX35 3.5 AT (280 л.с.) 4WD', 2006, 2009),
(63260, 14789, 862, 'FX45 4.5 AT (328 л.с.) 4WD', 2006, 2008),
(63202, 8616, 790, '2.3 AT (150 л.с.) 4WD', 1999, 2004),
(61704, 10774, 2224, '1.5hyb AT (132 л.с.) 4WD', 2013, NULL),
(62246, 14632, 870, '3.7 AT (333 л.с.)', 2013, NULL),
(62244, 14631, 870, '3.7 AT (333 л.с.) 4WD', 2013, NULL),
(63554, 14792, 871, 'QX56 5.6 AT (325 л.с.) 4WD', 2007, 2010);

-- --------------------------------------------------------

--
-- Структура таблицы `car_series`
--

CREATE TABLE `car_series` (
  `id_car_serie` int(11) NOT NULL COMMENT 'ID',
  `id_car_model` int(8) NOT NULL COMMENT 'Модель',
  `name` varchar(255) NOT NULL COMMENT 'Название серии',
  `id_car_generation` int(8) DEFAULT NULL COMMENT 'Поколение'
) ENGINE=MyISAM DEFAULT CHARSET=utf8 COMMENT='Cерии автомобилей' ROW_FORMAT=DYNAMIC;

--
-- Дамп данных таблицы `car_series`
--

INSERT INTO `car_series` (`id_car_serie`, `id_car_model`, `name`, `id_car_generation`) VALUES
(1034, 754, 'Airwave', NULL),
(1035, 755, 'Ascot', NULL),
(1036, 756, 'Avancier', NULL),
(1046, 765, 'CR-Z', NULL),
(1047, 766, 'Crossroad', NULL),
(1050, 769, 'Edix', NULL),
(1052, 771, 'Elysion', NULL),
(1053, 772, 'FCX Clarity', NULL),
(1054, 773, 'Fit Aria', NULL),
(1056, 775, 'FR-V', NULL),
(1057, 776, 'Freed', NULL),
(1063, 781, 'Integra SJ', NULL),
(1069, 786, 'MDX', NULL),
(1070, 787, 'Mobilio', NULL),
(1071, 788, 'NSX', NULL),
(1074, 791, 'Orthia', NULL),
(1079, 796, 'Quint', NULL),
(1080, 797, 'Rafaga', NULL),
(1081, 798, 'Ridgeline', NULL),
(1082, 799, 'S-MX', NULL),
(1083, 800, 'S2000', NULL),
(1085, 802, 'Shuttle', NULL),
(1088, 805, 'That\'S', NULL),
(1089, 806, 'Today', NULL),
(1090, 807, 'Torneo', NULL),
(1094, 811, 'Zest', NULL),
(1159, 861, 'EX', NULL),
(1165, 865, 'J', NULL),
(1166, 866, 'JX', NULL),
(1169, 869, 'Q50', NULL),
(1172, 872, 'QX50', NULL),
(1173, 873, 'QX60', NULL),
(1174, 874, 'QX70', NULL),
(9459, 2112, 'Q70', NULL),
(3418, 753, 'Honda Accord IX Седан', 750),
(3419, 753, 'Honda Accord IX Купе', 750),
(3420, 759, 'Honda City V', 759),
(3421, 760, 'Honda Civic Ferio III', 764),
(3422, 761, 'Honda Civic IX Рестайлинг', 767),
(3423, 762, 'Honda Concerto Седан', 5613),
(3424, 762, 'Honda Concerto Хэтчбек 5 дв.', 5613),
(3425, 763, 'Honda CR-V IV', 778),
(3426, 764, 'Honda CR-X III', 782),
(3427, 767, 'Honda Crosstour I Рестайлинг', 785),
(3428, 768, 'Honda Domani II', 787),
(3429, 770, 'Honda Element I Рестайлинг', 789),
(3430, 774, 'Honda Fit II', 791),
(3431, 777, 'Honda HR-V Внедорожник 5 дв.', 5614),
(3432, 777, 'Honda HR-V Внедорожник 3 дв.', 5614),
(3433, 778, 'Honda Insight II', 794),
(3434, 779, 'Honda Inspire V', 796),
(3435, 780, 'Honda Integra IV', 801),
(3436, 782, 'Honda Jazz II', 805),
(3437, 783, 'Honda Legend IV', 807),
(3438, 784, 'Honda Life V', 811),
(3439, 785, 'Honda Logo Хэтчбек 5 дв.', 5615),
(3440, 785, 'Honda Logo Хэтчбек 3 дв.', 5615),
(3441, 789, 'Honda Odyssey (North America) IV', 815),
(3442, 790, 'Honda Odyssey IV', 819),
(3443, 792, 'Honda Partner II', 823),
(3444, 793, 'Honda Passport II', 825),
(3445, 794, 'Honda Pilot II', 827),
(3446, 795, 'Honda Prelude V', 829),
(3447, 801, 'Honda Saber II', 834),
(3448, 803, 'Honda Stepwgn IV', 836),
(3449, 804, 'Honda Stream II', 840),
(3490, 862, 'Infiniti FX II Рестайлинг', 902),
(3491, 863, 'Infiniti G IV Кабриолет', 905),
(3492, 863, 'Infiniti G IV Купе', 905),
(3493, 863, 'Infiniti G IV Седан', 905),
(3494, 864, 'Infiniti I II', 909),
(3495, 867, 'Infiniti M IV', 911),
(3496, 868, 'Infiniti Q III', 915),
(3497, 871, 'Infiniti QX III', 918),
(6297, 753, 'Honda Accord VIII Универсал 5 дв.', 751),
(6298, 753, 'Honda Accord VIII Седан', 751),
(6299, 753, 'Honda Accord VIII Купе', 751),
(6300, 753, 'Honda Accord VII Седан', 752),
(6301, 753, 'Honda Accord VII Купе', 752),
(6302, 753, 'Honda Accord VII Универсал 5 дв.', 752),
(6303, 753, 'Honda Accord VI Купе', 753),
(6304, 753, 'Honda Accord VI Хэтчбек 5 дв.', 753),
(6305, 753, 'Honda Accord VI Универсал 5 дв.', 753),
(6306, 753, 'Honda Accord VI Седан', 753),
(6307, 753, 'Honda Accord V Седан', 754),
(6308, 753, 'Honda Accord V Купе', 754),
(6309, 753, 'Honda Accord V Универсал 5 дв.', 754),
(6310, 753, 'Honda Accord IV Седан', 755),
(6311, 753, 'Honda Accord IV Купе', 755),
(6312, 753, 'Honda Accord IV Универсал 5 дв.', 755),
(6313, 753, 'Honda Accord III Седан', 756),
(6314, 753, 'Honda Accord III Хэтчбек 3 дв.', 756),
(6315, 753, 'Honda Accord II Седан', 757),
(6316, 753, 'Honda Accord II Хэтчбек 3 дв.', 757),
(6317, 753, 'Honda Accord I Хэтчбек 3 дв.', 758),
(6318, 753, 'Honda Accord I Седан', 758),
(6322, 757, 'Beat', NULL),
(8601, 759, 'Honda City IV', 760),
(6325, 760, 'Honda Civic Ferio II', 765),
(6326, 760, 'Honda Civic Ferio I', 766),
(6327, 761, 'Honda Civic IX Универсал 5 дв.', 768),
(6328, 761, 'Honda Civic IX Купе', 768),
(6329, 761, 'Honda Civic IX Хэтчбек 5 дв.', 768),
(6330, 761, 'Honda Civic IX Седан', 768),
(6331, 761, 'Honda Civic VIII Купе', 769),
(6332, 761, 'Honda Civic VIII Хэтчбек 5 дв.', 769),
(6333, 761, 'Honda Civic VIII Хэтчбек 3 дв.', 769),
(6334, 761, 'Honda Civic VIII Седан', 769),
(6335, 761, 'Honda Civic VII Седан', 770),
(6336, 761, 'Honda Civic VII Купе', 770),
(6337, 761, 'Honda Civic VII Хэтчбек 5 дв.', 770),
(6338, 761, 'Honda Civic VII Хэтчбек 3 дв.', 770),
(6339, 761, 'Honda Civic VI Универсал 5 дв.', 771),
(6340, 761, 'Honda Civic VI Хэтчбек 5 дв.', 771),
(6341, 761, 'Honda Civic VI Купе', 771),
(6342, 761, 'Honda Civic VI Седан', 771),
(6343, 761, 'Honda Civic VI Хэтчбек 3 дв.', 771),
(6344, 761, 'Honda Civic V Хэтчбек 5 дв.', 772),
(6345, 761, 'Honda Civic V Купе', 772),
(6346, 761, 'Honda Civic V Седан', 772),
(6347, 761, 'Honda Civic V Хэтчбек 3 дв.', 772),
(6348, 761, 'Honda Civic IV Седан', 773),
(6349, 761, 'Honda Civic IV Хэтчбек 3 дв.', 773),
(6350, 761, 'Honda Civic III Хэтчбек 3 дв.', 774),
(6351, 761, 'Honda Civic III Седан', 774),
(6352, 761, 'Honda Civic III Универсал 5 дв.', 774),
(6353, 761, 'Honda Civic II Седан', 775),
(6354, 761, 'Honda Civic II Хэтчбек 5 дв.', 775),
(6355, 761, 'Honda Civic II Универсал 5 дв.', 775),
(6356, 761, 'Honda Civic I Хэтчбек 5 дв.', 776),
(6357, 761, 'Honda Civic I Хэтчбек 3 дв.', 776),
(6358, 763, 'Honda CR-V III', 779),
(6359, 763, 'Honda CR-V II', 780),
(6360, 763, 'Honda CR-V I', 781),
(6361, 764, 'Honda CR-X II', 783),
(6362, 764, 'Honda CR-X I', 784),
(6365, 767, 'Honda Crosstour I', 786),
(6366, 768, 'Honda Domani I', 788),
(6368, 770, 'Honda Element I', 790),
(6372, 774, 'Honda Fit I', 792),
(6375, 778, 'Honda Insight I', 795),
(6377, 780, 'Honda Integra III Купе', 802),
(6378, 780, 'Honda Integra III Седан', 802),
(6379, 780, 'Honda Integra II Седан', 803),
(6380, 780, 'Honda Integra II Купе', 803),
(6381, 780, 'Honda Integra I', 804),
(6383, 782, 'Honda Jazz I', 806),
(6384, 783, 'Honda Legend III', 808),
(6385, 783, 'Honda Legend II Седан', 809),
(6386, 783, 'Honda Legend II Купе', 809),
(6387, 783, 'Honda Legend I Купе', 810),
(6388, 783, 'Honda Legend I Седан', 810),
(6389, 784, 'Honda Life IV', 812),
(6390, 784, 'Honda Life III', 813),
(6394, 789, 'Honda Odyssey (North America) III', 816),
(6395, 789, 'Honda Odyssey (North America) II', 817),
(6396, 789, 'Honda Odyssey (North America) I', 818),
(6399, 792, 'Honda Partner I', 824),
(6400, 793, 'Honda Passport I', 826),
(6402, 795, 'Honda Prelude IV', 830),
(6403, 795, 'Honda Prelude III', 831),
(6404, 795, 'Honda Prelude II', 832),
(6405, 795, 'Honda Prelude I', 833),
(6411, 801, 'Honda Saber I', 835),
(6413, 803, 'Honda Stepwgn III', 837),
(6414, 803, 'Honda Stepwgn II', 838),
(6415, 803, 'Honda Stepwgn I', 839),
(6421, 809, 'Vigor', NULL),
(6493, 863, 'Infiniti G III Купе', 906),
(6494, 863, 'Infiniti G III Седан', 906),
(6495, 863, 'Infiniti G II', 907),
(6496, 863, 'Infiniti G I', 908),
(6497, 864, 'Infiniti I I', 910),
(6500, 867, 'Infiniti M III', 912),
(6501, 867, 'Infiniti M II', 913),
(6502, 867, 'Infiniti M I Кабриолет', 914),
(6503, 867, 'Infiniti M I Купе', 914),
(6504, 868, 'Infiniti Q II', 916),
(6505, 868, 'Infiniti Q I', 917),
(6508, 871, 'Infiniti QX II', 919),
(6509, 871, 'Infiniti QX I', 920),
(8603, 759, 'Honda City II', 762),
(8617, 790, 'Honda Odyssey I', 822),
(8616, 790, 'Honda Odyssey II', 821),
(8600, 758, 'Capa', NULL),
(8626, 810, 'Z', NULL),
(8615, 790, 'Honda Odyssey III', 820),
(8613, 779, 'Honda Inspire I', 800),
(8611, 779, 'Honda Inspire III', 798),
(8612, 779, 'Honda Inspire II', 799),
(8610, 779, 'Honda Inspire IV', 797),
(8618, 794, 'Honda Pilot I', 828),
(8652, 862, 'Infiniti FX I', 904),
(8651, 862, 'Infiniti FX II', 903),
(8650, 875, 'Infiniti QX80 I', 922),
(8649, 875, 'Infiniti QX80 I Рестайлинг', 921),
(8625, 808, 'Vamos', NULL),
(8622, 804, 'Honda Stream I', 841),
(8604, 759, 'Honda City I', 763),
(8602, 759, 'Honda City III', 761),
(14631, 870, 'Infiniti Q60 Купе', 5622),
(14632, 870, 'Infiniti Q60 Кабриолет', 5622),
(10774, 2224, 'Vezel', NULL),
(10827, 2249, 'Q40', NULL),
(14789, 862, 'Infiniti FX I Рестайлинг', 5894),
(14790, 867, 'Infiniti M III Рестайлинг', 5895),
(14791, 868, 'Infiniti Q III Рестайлинг', 5896),
(14792, 871, 'Infiniti QX II Рестайлинг', 5897),
(14678, 774, 'Honda Fit III', 5834);

-- --------------------------------------------------------

--
-- Структура таблицы `characters`
--

CREATE TABLE `characters` (
  `id_character` int(10) UNSIGNED NOT NULL,
  `value` varchar(255) NOT NULL
) ENGINE=InnoDB DEFAULT CHARSET=utf8 ROW_FORMAT=COMPACT;

--
-- Дамп данных таблицы `characters`
--

INSERT INTO `characters` (`id_character`, `value`) VALUES
(1, 'Електрика'),
(2, 'ABS'),
(3, 'Другое');

-- --------------------------------------------------------

--
-- Структура таблицы `migrations`
--

CREATE TABLE `migrations` (
  `id` int(10) UNSIGNED NOT NULL,
  `migration` varchar(255) COLLATE utf8_unicode_ci NOT NULL,
  `batch` int(11) NOT NULL
) ENGINE=InnoDB DEFAULT CHARSET=utf8 COLLATE=utf8_unicode_ci;

--
-- Дамп данных таблицы `migrations`
--

INSERT INTO `migrations` (`id`, `migration`, `batch`) VALUES
(13, '2014_10_12_000000_create_users_table', 1),
(14, '2014_10_12_100000_create_password_resets_table', 1),
(15, '2017_03_30_114020_create_tasks_table', 1);

-- --------------------------------------------------------

--
-- Структура таблицы `password_resets`
--

CREATE TABLE `password_resets` (
  `email` varchar(255) COLLATE utf8_unicode_ci NOT NULL,
  `token` varchar(255) COLLATE utf8_unicode_ci NOT NULL,
  `created_at` timestamp NULL DEFAULT NULL
) ENGINE=InnoDB DEFAULT CHARSET=utf8 COLLATE=utf8_unicode_ci;

-- --------------------------------------------------------

--
-- Структура таблицы `tasks`
--

CREATE TABLE `tasks` (
  `id` int(10) UNSIGNED NOT NULL,
  `name` varchar(255) COLLATE utf8_unicode_ci NOT NULL,
  `created_at` timestamp NULL DEFAULT NULL,
  `updated_at` timestamp NULL DEFAULT NULL
) ENGINE=InnoDB DEFAULT CHARSET=utf8 COLLATE=utf8_unicode_ci;

-- --------------------------------------------------------

--
-- Структура таблицы `users`
--

CREATE TABLE `users` (
  `id` int(10) UNSIGNED NOT NULL,
  `name` varchar(255) COLLATE utf8_unicode_ci NOT NULL,
  `email` varchar(255) COLLATE utf8_unicode_ci NOT NULL,
  `password` varchar(255) COLLATE utf8_unicode_ci NOT NULL,
  `remember_token` varchar(100) COLLATE utf8_unicode_ci DEFAULT NULL,
  `created_at` timestamp NULL DEFAULT NULL,
  `updated_at` timestamp NULL DEFAULT NULL
) ENGINE=InnoDB DEFAULT CHARSET=utf8 COLLATE=utf8_unicode_ci;

--
-- Индексы сохранённых таблиц
--

--
-- Индексы таблицы `articles`
--
ALTER TABLE `articles`
  ADD PRIMARY KEY (`id_articles`),
  ADD KEY `id_character` (`id_character`);

--
-- Индексы таблицы `car_marks`
--
ALTER TABLE `car_marks`
  ADD PRIMARY KEY (`id_car_mark`);

--
-- Индексы таблицы `car_models`
--
ALTER TABLE `car_models`
  ADD PRIMARY KEY (`id_car_model`),
  ADD KEY `name` (`name`);

--
-- Индексы таблицы `car_modifications`
--
ALTER TABLE `car_modifications`
  ADD PRIMARY KEY (`id_car_modification`);

--
-- Индексы таблицы `car_series`
--
ALTER TABLE `car_series`
  ADD PRIMARY KEY (`id_car_serie`),
  ADD KEY `name` (`name`);

--
-- Индексы таблицы `characters`
--
ALTER TABLE `characters`
  ADD PRIMARY KEY (`id_character`);

--
-- Индексы таблицы `migrations`
--
ALTER TABLE `migrations`
  ADD PRIMARY KEY (`id`);

--
-- Индексы таблицы `password_resets`
--
ALTER TABLE `password_resets`
  ADD KEY `password_resets_email_index` (`email`),
  ADD KEY `password_resets_token_index` (`token`);

--
-- Индексы таблицы `tasks`
--
ALTER TABLE `tasks`
  ADD PRIMARY KEY (`id`);

--
-- Индексы таблицы `users`
--
ALTER TABLE `users`
  ADD PRIMARY KEY (`id`),
  ADD UNIQUE KEY `users_email_unique` (`email`);

--
-- AUTO_INCREMENT для сохранённых таблиц
--

--
-- AUTO_INCREMENT для таблицы `articles`
--
ALTER TABLE `articles`
  MODIFY `id_articles` int(5) UNSIGNED NOT NULL AUTO_INCREMENT, AUTO_INCREMENT=15;
--
-- AUTO_INCREMENT для таблицы `car_marks`
--
ALTER TABLE `car_marks`
  MODIFY `id_car_mark` int(8) NOT NULL AUTO_INCREMENT COMMENT 'ID', AUTO_INCREMENT=291;
--
-- AUTO_INCREMENT для таблицы `car_models`
--
ALTER TABLE `car_models`
  MODIFY `id_car_model` int(11) NOT NULL AUTO_INCREMENT COMMENT 'ID', AUTO_INCREMENT=2290;
--
-- AUTO_INCREMENT для таблицы `car_modifications`
--
ALTER TABLE `car_modifications`
  MODIFY `id_car_modification` int(11) NOT NULL AUTO_INCREMENT COMMENT 'ID', AUTO_INCREMENT=63849;
--
-- AUTO_INCREMENT для таблицы `car_series`
--
ALTER TABLE `car_series`
  MODIFY `id_car_serie` int(11) NOT NULL AUTO_INCREMENT COMMENT 'ID', AUTO_INCREMENT=14861;
--
-- AUTO_INCREMENT для таблицы `characters`
--
ALTER TABLE `characters`
  MODIFY `id_character` int(10) UNSIGNED NOT NULL AUTO_INCREMENT, AUTO_INCREMENT=4;
--
-- AUTO_INCREMENT для таблицы `migrations`
--
ALTER TABLE `migrations`
  MODIFY `id` int(10) UNSIGNED NOT NULL AUTO_INCREMENT, AUTO_INCREMENT=16;
--
-- AUTO_INCREMENT для таблицы `tasks`
--
ALTER TABLE `tasks`
  MODIFY `id` int(10) UNSIGNED NOT NULL AUTO_INCREMENT;
--
-- AUTO_INCREMENT для таблицы `users`
--
ALTER TABLE `users`
  MODIFY `id` int(10) UNSIGNED NOT NULL AUTO_INCREMENT;
--
-- Ограничения внешнего ключа сохраненных таблиц
--

--
-- Ограничения внешнего ключа таблицы `articles`
--
ALTER TABLE `articles`
  ADD CONSTRAINT `articles_ibfk_1` FOREIGN KEY (`id_character`) REFERENCES `characters` (`id_character`) ON DELETE CASCADE ON UPDATE CASCADE;

/*!40101 SET CHARACTER_SET_CLIENT=@OLD_CHARACTER_SET_CLIENT */;
/*!40101 SET CHARACTER_SET_RESULTS=@OLD_CHARACTER_SET_RESULTS */;
/*!40101 SET COLLATION_CONNECTION=@OLD_COLLATION_CONNECTION */;
